comm_id,client_pin,comm_date,comm_type,channel,offer_id,success
h-00001,30001,2025-01-16,sms_cashback,sms,CASHBACK_5,0
h-00002,30001,2025-02-02,push_cashback,push,CASHBACK_5,0
h-00003,30001,2025-02-10,push_cashback,push,CASHBACK_5,0
h-00004,30001,2025-02-19,sms_cashback,sms,CASHBACK_5,0
h-00005,30001,2025-03-14,push_credit,push,CC_LIMIT,1
h-00006,30001,2025-03-31,email_cashback,email,CASHBACK_5,0
h-00007,30001,2025-04-22,sms_cashback,sms,CASHBACK_5,1
h-00008,30001,2025-05-02,sms_refinance,sms,REFIN_12,0
h-00009,30001,2025-05-20,call_collect,call,COLLECT_01,0
h-00010,30001,2025-05-29,sms_cashback,sms,CASHBACK_5,0
h-00011,30001,2025-06-13,push_cashback,push,CASHBACK_5,0
h-00012,30001,2025-07-07,push_cashback,push,CASHBACK_5,0
h-00013,30001,2025-08-03,email_cashback,email,CASHBACK_5,0
h-00014,30001,2025-08-17,push_cashback,push,CASHBACK_5,0
h-00015,30001,2025-08-29,sms_refinance,sms,REFIN_12,0
h-00016,30001,2025-09-10,call_collect,call,COLLECT_01,1
h-00017,30001,2025-09-30,sms_cashback,sms,CASHBACK_5,1
h-00018,30002,2025-01-18,sms_cashback,sms,CASHBACK_5,0
h-00019,30002,2025-02-08,push_service,push,PUSH_ON,0
h-00020,30002,2025-02-16,push_service,push,PUSH_ON,0
h-00021,30002,2025-03-08,sms_cashback,sms,CASHBACK_5,0
h-00022,30002,2025-03-26,push_service,push,PUSH_ON,1
h-00023,30002,2025-04-19,push_service,push,PUSH_ON,0
h-00024,30002,2025-05-07,sms_refinance,sms,REFIN_12,1
h-00025,30002,2025-05-27,push_cashback,push,CASHBACK_5,0
h-00026,30002,2025-06-09,sms_cashback,sms,CASHBACK_5,0
h-00027,30002,2025-06-19,push_cashback,push,CASHBACK_5,1
h-00028,30002,2025-07-04,call_collect,call,COLLECT_01,0
h-00029,30002,2025-07-30,sms_cashback,sms,CASHBACK_5,0
h-00030,30002,2025-08-27,push_cashback,push,CASHBACK_5,0
h-00031,30002,2025-09-21,sms_refinance,sms,REFIN_12,0
h-00032,30002,2025-10-14,email_cashback,email,CASHBACK_5,0
h-00033,30002,2025-11-04,sms_refinance,sms,REFIN_12,0
h-00034,30002,2025-11-24,sms_refinance,sms,REFIN_12,0
h-00035,30002,2025-12-12,sms_cashback,sms,CASHBACK_5,0
h-00036,30002,2026-01-08,push_service,push,PUSH_ON,0
h-00037,30002,2026-01-27,push_credit,push,CC_LIMIT,0
h-00038,30002,2026-02-21,sms_cashback,sms,CASHBACK_5,0
h-00039,30002,2026-03-08,push_service,push,PUSH_ON,1
h-00040,30002,2026-03-23,email_cashback,email,CASHBACK_5,0
h-00041,30002,2026-04-02,push_cashback,push,CASHBACK_5,0
h-00042,30002,2026-04-24,push_service,push,PUSH_ON,1
h-00043,30003,2025-01-14,push_cashback,push,CASHBACK_5,0
h-00044,30003,2025-02-02,sms_cashback,sms,CASHBACK_5,0
h-00045,30003,2025-02-15,push_cashback,push,CASHBACK_5,1
h-00046,30003,2025-03-06,email_cashback,email,CASHBACK_5,0
h-00047,30003,2025-03-14,push_cashback,push,CASHBACK_5,0
h-00048,30003,2025-04-06,sms_cashback,sms,CASHBACK_5,1
h-00049,30003,2025-04-30,sms_refinance,sms,REFIN_12,1
h-00050,30003,2025-05-17,sms_refinance,sms,REFIN_12,0
h-00051,30003,2025-05-31,push_cashback,push,CASHBACK_5,0
h-00052,30003,2025-06-24,push_cashback,push,CASHBACK_5,0
h-00053,30003,2025-07-06,push_service,push,PUSH_ON,0
h-00054,30003,2025-07-15,email_cashback,email,CASHBACK_5,0
h-00055,30003,2025-08-09,push_credit,push,CC_LIMIT,0
h-00056,30003,2025-08-27,push_cashback,push,CASHBACK_5,0
h-00057,30003,2025-09-17,push_cashback,push,CASHBACK_5,0
h-00058,30003,2025-09-26,email_cashback,email,CASHBACK_5,0
h-00059,30004,2025-01-22,sms_refinance,sms,REFIN_12,0
h-00060,30004,2025-02-06,sms_cashback,sms,CASHBACK_5,1
h-00061,30004,2025-02-28,push_cashback,push,CASHBACK_5,0
h-00062,30004,2025-03-09,call_collect,call,COLLECT_01,0
h-00063,30004,2025-03-22,push_cashback,push,CASHBACK_5,0
h-00064,30004,2025-04-01,email_cashback,email,CASHBACK_5,0
h-00065,30004,2025-04-24,call_collect,call,COLLECT_01,0
h-00066,30004,2025-05-07,push_cashback,push,CASHBACK_5,0
h-00067,30004,2025-05-26,push_service,push,PUSH_ON,1
h-00068,30004,2025-06-08,push_cashback,push,CASHBACK_5,1
h-00069,30004,2025-07-05,sms_cashback,sms,CASHBACK_5,0
h-00070,30004,2025-07-14,push_service,push,PUSH_ON,0
h-00071,30004,2025-07-28,sms_cashback,sms,CASHBACK_5,1
h-00072,30004,2025-08-07,sms_refinance,sms,REFIN_12,0
h-00073,30004,2025-09-04,push_cashback,push,CASHBACK_5,0
h-00074,30004,2025-09-20,sms_refinance,sms,REFIN_12,1
h-00075,30004,2025-10-15,push_service,push,PUSH_ON,0
h-00076,30004,2025-10-23,sms_cashback,sms,CASHBACK_5,0
h-00077,30004,2025-11-04,push_service,push,PUSH_ON,0
h-00078,30004,2025-12-01,sms_cashback,sms,CASHBACK_5,0
h-00079,30004,2025-12-16,sms_cashback,sms,CASHBACK_5,0
h-00080,30004,2026-01-02,call_collect,call,COLLECT_01,0
h-00081,30004,2026-01-24,push_cashback,push,CASHBACK_5,0
h-00082,30004,2026-02-18,call_collect,call,COLLECT_01,0
h-00083,30004,2026-03-01,email_cashback,email,CASHBACK_5,0
h-00084,30004,2026-03-28,push_credit,push,CC_LIMIT,1
h-00085,30004,2026-04-07,push_service,push,PUSH_ON,1
h-00086,30004,2026-05-01,push_cashback,push,CASHBACK_5,0
h-00087,30005,2025-01-30,push_cashback,push,CASHBACK_5,1
h-00088,30005,2025-02-12,sms_cashback,sms,CASHBACK_5,0
h-00089,30005,2025-03-03,push_cashback,push,CASHBACK_5,0
h-00090,30005,2025-03-23,push_service,push,PUSH_ON,1
h-00091,30005,2025-04-07,sms_refinance,sms,REFIN_12,0
h-00092,30005,2025-05-01,push_cashback,push,CASHBACK_5,0
h-00093,30005,2025-05-28,sms_cashback,sms,CASHBACK_5,1
h-00094,30005,2025-06-13,push_service,push,PUSH_ON,1
h-00095,30005,2025-06-29,sms_refinance,sms,REFIN_12,1
h-00096,30005,2025-07-13,push_cashback,push,CASHBACK_5,0
h-00097,30005,2025-07-21,sms_cashback,sms,CASHBACK_5,0
h-00098,30005,2025-08-16,call_collect,call,COLLECT_01,0
h-00099,30005,2025-08-24,push_service,push,PUSH_ON,1
h-00100,30005,2025-09-10,sms_cashback,sms,CASHBACK_5,1
h-00101,30005,2025-09-29,sms_refinance,sms,REFIN_12,0
h-00102,30006,2025-01-22,sms_cashback,sms,CASHBACK_5,0
h-00103,30006,2025-02-11,call_collect,call,COLLECT_01,0
h-00104,30006,2025-02-19,push_service,push,PUSH_ON,1
h-00105,30006,2025-03-17,sms_refinance,sms,REFIN_12,1
h-00106,30006,2025-04-11,push_service,push,PUSH_ON,0
h-00107,30006,2025-05-05,push_credit,push,CC_LIMIT,0
h-00108,30006,2025-05-15,push_cashback,push,CASHBACK_5,0
h-00109,30006,2025-06-03,push_service,push,PUSH_ON,0
h-00110,30006,2025-06-28,email_cashback,email,CASHBACK_5,0
h-00111,30006,2025-07-15,push_service,push,PUSH_ON,0
h-00112,30006,2025-08-07,call_collect,call,COLLECT_01,0
h-00113,30006,2025-09-02,push_credit,push,CC_LIMIT,0
h-00114,30006,2025-09-17,push_cashback,push,CASHBACK_5,0
h-00115,30006,2025-10-01,sms_cashback,sms,CASHBACK_5,1
h-00116,30006,2025-10-21,sms_cashback,sms,CASHBACK_5,1
h-00117,30006,2025-10-31,push_service,push,PUSH_ON,1
h-00118,30006,2025-11-11,push_cashback,push,CASHBACK_5,1
h-00119,30006,2025-11-30,email_cashback,email,CASHBACK_5,0
h-00120,30006,2025-12-11,email_cashback,email,CASHBACK_5,0
h-00121,30006,2025-12-30,sms_refinance,sms,REFIN_12,0
h-00122,30006,2026-01-09,sms_refinance,sms,REFIN_12,1
h-00123,30006,2026-01-25,call_collect,call,COLLECT_01,0
h-00124,30006,2026-02-03,push_credit,push,CC_LIMIT,0
h-00125,30006,2026-02-16,sms_cashback,sms,CASHBACK_5,0
h-00126,30006,2026-03-08,push_credit,push,CC_LIMIT,1
h-00127,30006,2026-03-24,sms_refinance,sms,REFIN_12,0
h-00128,30006,2026-04-04,email_cashback,email,CASHBACK_5,0
h-00129,30007,2025-01-18,sms_refinance,sms,REFIN_12,0
h-00130,30007,2025-02-10,sms_cashback,sms,CASHBACK_5,0
h-00131,30007,2025-03-05,call_collect,call,COLLECT_01,0
h-00132,30007,2025-03-21,sms_refinance,sms,REFIN_12,0
h-00133,30007,2025-04-18,email_cashback,email,CASHBACK_5,0
h-00134,30007,2025-05-15,push_cashback,push,CASHBACK_5,0
h-00135,30007,2025-06-01,push_service,push,PUSH_ON,0
h-00136,30007,2025-06-28,push_credit,push,CC_LIMIT,0
h-00137,30007,2025-07-12,push_cashback,push,CASHBACK_5,0
h-00138,30007,2025-07-29,push_cashback,push,CASHBACK_5,0
h-00139,30007,2025-08-20,push_credit,push,CC_LIMIT,1
h-00140,30007,2025-08-29,push_service,push,PUSH_ON,0
h-00141,30007,2025-09-26,sms_cashback,sms,CASHBACK_5,0
h-00142,30007,2025-10-22,push_service,push,PUSH_ON,1
h-00143,30008,2025-01-29,push_cashback,push,CASHBACK_5,0
h-00144,30008,2025-02-07,email_cashback,email,CASHBACK_5,0
h-00145,30008,2025-03-05,push_service,push,PUSH_ON,1
h-00146,30008,2025-03-25,push_cashback,push,CASHBACK_5,0
h-00147,30008,2025-04-17,push_service,push,PUSH_ON,1
h-00148,30008,2025-04-25,call_collect,call,COLLECT_01,0
h-00149,30008,2025-05-05,push_credit,push,CC_LIMIT,0
h-00150,30008,2025-05-24,push_credit,push,CC_LIMIT,0
h-00151,30008,2025-06-03,push_cashback,push,CASHBACK_5,0
h-00152,30008,2025-06-22,push_credit,push,CC_LIMIT,0
h-00153,30008,2025-07-11,push_cashback,push,CASHBACK_5,0
h-00154,30008,2025-07-31,sms_refinance,sms,REFIN_12,0
h-00155,30008,2025-08-14,push_credit,push,CC_LIMIT,0
h-00156,30008,2025-09-09,push_cashback,push,CASHBACK_5,0
h-00157,30008,2025-09-29,email_cashback,email,CASHBACK_5,0
h-00158,30008,2025-10-21,push_service,push,PUSH_ON,0
h-00159,30008,2025-11-03,sms_refinance,sms,REFIN_12,0
h-00160,30008,2025-11-27,push_service,push,PUSH_ON,1
h-00161,30008,2025-12-14,push_cashback,push,CASHBACK_5,0
h-00162,30008,2026-01-05,push_service,push,PUSH_ON,0
h-00163,30008,2026-01-22,sms_cashback,sms,CASHBACK_5,1
h-00164,30008,2026-02-07,sms_refinance,sms,REFIN_12,0
h-00165,30008,2026-02-24,sms_cashback,sms,CASHBACK_5,1
h-00166,30008,2026-03-14,sms_cashback,sms,CASHBACK_5,0
h-00167,30008,2026-04-07,sms_cashback,sms,CASHBACK_5,0
h-00168,30008,2026-04-17,sms_refinance,sms,REFIN_12,0
h-00169,30008,2026-05-11,call_collect,call,COLLECT_01,0
h-00170,30009,2025-01-28,push_cashback,push,CASHBACK_5,1
h-00171,30009,2025-02-20,sms_refinance,sms,REFIN_12,0
h-00172,30009,2025-03-05,push_credit,push,CC_LIMIT,1
h-00173,30009,2025-03-27,push_cashback,push,CASHBACK_5,1
h-00174,30009,2025-04-21,push_service,push,PUSH_ON,0
h-00175,30009,2025-05-19,email_cashback,email,CASHBACK_5,0
h-00176,30009,2025-06-01,push_cashback,push,CASHBACK_5,1
h-00177,30009,2025-06-27,sms_refinance,sms,REFIN_12,0
h-00178,30009,2025-07-08,push_service,push,PUSH_ON,0
h-00179,30009,2025-07-23,push_credit,push,CC_LIMIT,1
h-00180,30009,2025-08-02,push_cashback,push,CASHBACK_5,1
h-00181,30009,2025-08-16,call_collect,call,COLLECT_01,0
h-00182,30009,2025-09-07,push_service,push,PUSH_ON,0
h-00183,30009,2025-09-17,push_credit,push,CC_LIMIT,0
h-00184,30009,2025-09-25,push_cashback,push,CASHBACK_5,0
h-00185,30009,2025-10-13,email_cashback,email,CASHBACK_5,0
h-00186,30009,2025-10-28,push_cashback,push,CASHBACK_5,0
h-00187,30009,2025-11-16,call_collect,call,COLLECT_01,0
h-00188,30009,2025-12-02,sms_cashback,sms,CASHBACK_5,0
h-00189,30009,2025-12-15,push_service,push,PUSH_ON,0
h-00190,30009,2026-01-06,push_cashback,push,CASHBACK_5,1
h-00191,30009,2026-02-03,email_cashback,email,CASHBACK_5,0
h-00192,30009,2026-02-19,sms_refinance,sms,REFIN_12,0
h-00193,30009,2026-03-13,sms_cashback,sms,CASHBACK_5,0
h-00194,30009,2026-03-31,push_cashback,push,CASHBACK_5,0
h-00195,30009,2026-04-24,sms_cashback,sms,CASHBACK_5,0
h-00196,30009,2026-05-03,push_cashback,push,CASHBACK_5,0
h-00197,30009,2026-05-29,push_cashback,push,CASHBACK_5,1
h-00198,30010,2025-01-14,push_cashback,push,CASHBACK_5,0
h-00199,30010,2025-02-11,sms_cashback,sms,CASHBACK_5,1
h-00200,30010,2025-02-23,sms_cashback,sms,CASHBACK_5,0
h-00201,30010,2025-03-19,sms_refinance,sms,REFIN_12,0
h-00202,30010,2025-03-27,sms_refinance,sms,REFIN_12,0
h-00203,30010,2025-04-16,push_credit,push,CC_LIMIT,0
h-00204,30010,2025-05-04,call_collect,call,COLLECT_01,1
h-00205,30010,2025-05-24,push_cashback,push,CASHBACK_5,0
h-00206,30010,2025-06-14,sms_cashback,sms,CASHBACK_5,1
h-00207,30010,2025-07-04,push_cashback,push,CASHBACK_5,0
h-00208,30010,2025-07-24,sms_cashback,sms,CASHBACK_5,1
h-00209,30010,2025-08-09,push_cashback,push,CASHBACK_5,0
h-00210,30010,2025-08-30,call_collect,call,COLLECT_01,0
h-00211,30011,2025-01-21,call_collect,call,COLLECT_01,0
h-00212,30011,2025-02-04,push_cashback,push,CASHBACK_5,0
h-00213,30011,2025-02-22,push_cashback,push,CASHBACK_5,1
h-00214,30011,2025-03-06,push_credit,push,CC_LIMIT,0
h-00215,30011,2025-03-21,sms_refinance,sms,REFIN_12,0
h-00216,30011,2025-03-29,call_collect,call,COLLECT_01,0
h-00217,30011,2025-04-15,push_service,push,PUSH_ON,1
h-00218,30011,2025-04-23,push_credit,push,CC_LIMIT,0
h-00219,30011,2025-05-08,sms_refinance,sms,REFIN_12,0
h-00220,30011,2025-05-16,call_collect,call,COLLECT_01,1
h-00221,30011,2025-06-04,push_cashback,push,CASHBACK_5,0
h-00222,30011,2025-06-15,call_collect,call,COLLECT_01,0
h-00223,30011,2025-06-29,call_collect,call,COLLECT_01,0
h-00224,30011,2025-07-08,call_collect,call,COLLECT_01,0
h-00225,30011,2025-07-18,push_service,push,PUSH_ON,1
h-00226,30011,2025-08-11,push_cashback,push,CASHBACK_5,0
h-00227,30011,2025-09-04,call_collect,call,COLLECT_01,0
h-00228,30011,2025-09-22,sms_refinance,sms,REFIN_12,1
h-00229,30011,2025-10-20,sms_refinance,sms,REFIN_12,0
h-00230,30011,2025-11-15,push_cashback,push,CASHBACK_5,0
h-00231,30012,2025-01-24,sms_cashback,sms,CASHBACK_5,0
h-00232,30012,2025-02-01,email_cashback,email,CASHBACK_5,0
h-00233,30012,2025-02-11,sms_refinance,sms,REFIN_12,0
h-00234,30012,2025-03-01,push_cashback,push,CASHBACK_5,0
h-00235,30012,2025-03-09,sms_refinance,sms,REFIN_12,1
h-00236,30012,2025-03-30,sms_cashback,sms,CASHBACK_5,0
h-00237,30012,2025-04-23,sms_cashback,sms,CASHBACK_5,0
h-00238,30012,2025-05-02,push_service,push,PUSH_ON,0
h-00239,30012,2025-05-18,sms_cashback,sms,CASHBACK_5,0
h-00240,30012,2025-05-31,push_service,push,PUSH_ON,1
h-00241,30012,2025-06-14,call_collect,call,COLLECT_01,1
h-00242,30012,2025-07-07,push_service,push,PUSH_ON,1
h-00243,30012,2025-08-04,sms_refinance,sms,REFIN_12,0
h-00244,30013,2025-01-15,sms_cashback,sms,CASHBACK_5,0
h-00245,30013,2025-01-24,email_cashback,email,CASHBACK_5,0
h-00246,30013,2025-02-08,sms_cashback,sms,CASHBACK_5,0
h-00247,30013,2025-02-28,push_cashback,push,CASHBACK_5,1
h-00248,30013,2025-03-11,sms_refinance,sms,REFIN_12,1
h-00249,30013,2025-03-29,push_service,push,PUSH_ON,0
h-00250,30013,2025-04-12,push_cashback,push,CASHBACK_5,1
h-00251,30013,2025-04-22,sms_refinance,sms,REFIN_12,0
h-00252,30013,2025-05-02,sms_cashback,sms,CASHBACK_5,0
h-00253,30013,2025-05-10,sms_cashback,sms,CASHBACK_5,0
h-00254,30013,2025-05-28,email_cashback,email,CASHBACK_5,0
h-00255,30013,2025-06-23,push_service,push,PUSH_ON,1
h-00256,30013,2025-07-07,push_credit,push,CC_LIMIT,0
h-00257,30013,2025-07-15,call_collect,call,COLLECT_01,0
h-00258,30013,2025-08-11,push_credit,push,CC_LIMIT,0
h-00259,30013,2025-09-06,email_cashback,email,CASHBACK_5,0
h-00260,30013,2025-10-02,push_credit,push,CC_LIMIT,0
h-00261,30013,2025-10-25,sms_cashback,sms,CASHBACK_5,0
h-00262,30013,2025-11-20,sms_cashback,sms,CASHBACK_5,0
h-00263,30013,2025-12-04,push_cashback,push,CASHBACK_5,0
h-00264,30013,2025-12-27,push_cashback,push,CASHBACK_5,1
h-00265,30013,2026-01-09,push_credit,push,CC_LIMIT,1
h-00266,30013,2026-02-05,call_collect,call,COLLECT_01,0
h-00267,30013,2026-02-27,sms_refinance,sms,REFIN_12,0
h-00268,30013,2026-03-20,push_service,push,PUSH_ON,0
h-00269,30013,2026-04-16,push_service,push,PUSH_ON,0
h-00270,30013,2026-04-28,call_collect,call,COLLECT_01,0
h-00271,30013,2026-05-19,email_cashback,email,CASHBACK_5,0
h-00272,30014,2025-01-22,sms_refinance,sms,REFIN_12,0
h-00273,30014,2025-02-09,sms_cashback,sms,CASHBACK_5,1
h-00274,30014,2025-02-23,push_service,push,PUSH_ON,0
h-00275,30014,2025-03-10,push_credit,push,CC_LIMIT,0
h-00276,30014,2025-03-19,push_service,push,PUSH_ON,0
h-00277,30014,2025-04-09,push_service,push,PUSH_ON,1
h-00278,30014,2025-04-28,push_credit,push,CC_LIMIT,0
h-00279,30014,2025-05-17,call_collect,call,COLLECT_01,0
h-00280,30014,2025-05-31,push_credit,push,CC_LIMIT,0
h-00281,30014,2025-06-10,email_cashback,email,CASHBACK_5,0
h-00282,30014,2025-06-30,push_service,push,PUSH_ON,0
h-00283,30014,2025-07-22,push_credit,push,CC_LIMIT,0
h-00284,30014,2025-08-15,push_cashback,push,CASHBACK_5,0
h-00285,30015,2025-01-19,push_cashback,push,CASHBACK_5,0
h-00286,30015,2025-01-28,call_collect,call,COLLECT_01,0
h-00287,30015,2025-02-16,push_service,push,PUSH_ON,0
h-00288,30015,2025-02-28,sms_cashback,sms,CASHBACK_5,0
h-00289,30015,2025-03-13,sms_cashback,sms,CASHBACK_5,0
h-00290,30015,2025-03-30,email_cashback,email,CASHBACK_5,0
h-00291,30015,2025-04-20,call_collect,call,COLLECT_01,0
h-00292,30015,2025-05-10,push_cashback,push,CASHBACK_5,0
h-00293,30015,2025-05-30,call_collect,call,COLLECT_01,0
h-00294,30015,2025-06-12,push_credit,push,CC_LIMIT,0
h-00295,30015,2025-06-23,push_cashback,push,CASHBACK_5,1
h-00296,30015,2025-07-09,call_collect,call,COLLECT_01,0
h-00297,30015,2025-07-24,push_service,push,PUSH_ON,1
h-00298,30015,2025-08-17,email_cashback,email,CASHBACK_5,1
h-00299,30015,2025-08-31,push_cashback,push,CASHBACK_5,0
h-00300,30015,2025-09-27,sms_cashback,sms,CASHBACK_5,0
h-00301,30016,2025-02-02,push_credit,push,CC_LIMIT,0
h-00302,30016,2025-02-14,push_cashback,push,CASHBACK_5,0
h-00303,30016,2025-03-12,push_service,push,PUSH_ON,0
h-00304,30016,2025-04-03,push_credit,push,CC_LIMIT,0
h-00305,30016,2025-04-11,call_collect,call,COLLECT_01,0
h-00306,30016,2025-04-23,push_cashback,push,CASHBACK_5,1
h-00307,30016,2025-05-11,push_cashback,push,CASHBACK_5,0
h-00308,30016,2025-05-31,sms_refinance,sms,REFIN_12,0
h-00309,30016,2025-06-15,push_service,push,PUSH_ON,0
h-00310,30016,2025-06-23,push_service,push,PUSH_ON,0
h-00311,30016,2025-07-02,email_cashback,email,CASHBACK_5,0
h-00312,30016,2025-07-21,push_credit,push,CC_LIMIT,0
h-00313,30016,2025-08-16,email_cashback,email,CASHBACK_5,0
h-00314,30016,2025-09-06,push_cashback,push,CASHBACK_5,0
h-00315,30016,2025-09-19,sms_refinance,sms,REFIN_12,0
h-00316,30016,2025-10-15,push_cashback,push,CASHBACK_5,0
h-00317,30016,2025-11-09,call_collect,call,COLLECT_01,0
h-00318,30016,2025-12-05,push_service,push,PUSH_ON,0
h-00319,30016,2025-12-23,email_cashback,email,CASHBACK_5,0
h-00320,30016,2026-01-13,sms_refinance,sms,REFIN_12,0
h-00321,30016,2026-01-23,call_collect,call,COLLECT_01,0
h-00322,30016,2026-02-16,call_collect,call,COLLECT_01,0
h-00323,30016,2026-02-26,push_credit,push,CC_LIMIT,1
h-00324,30016,2026-03-12,email_cashback,email,CASHBACK_5,0
h-00325,30016,2026-03-24,call_collect,call,COLLECT_01,0
h-00326,30016,2026-04-10,email_cashback,email,CASHBACK_5,0
h-00327,30016,2026-05-07,email_cashback,email,CASHBACK_5,0
h-00328,30017,2025-01-24,sms_refinance,sms,REFIN_12,1
h-00329,30017,2025-02-11,push_credit,push,CC_LIMIT,0
h-00330,30017,2025-02-26,push_service,push,PUSH_ON,1
h-00331,30017,2025-03-18,push_service,push,PUSH_ON,0
h-00332,30017,2025-04-10,push_service,push,PUSH_ON,0
h-00333,30017,2025-04-24,push_service,push,PUSH_ON,1
h-00334,30017,2025-05-03,email_cashback,email,CASHBACK_5,0
h-00335,30017,2025-05-24,sms_cashback,sms,CASHBACK_5,0
h-00336,30017,2025-06-05,push_service,push,PUSH_ON,0
h-00337,30017,2025-06-26,call_collect,call,COLLECT_01,1
h-00338,30017,2025-07-06,email_cashback,email,CASHBACK_5,0
h-00339,30017,2025-07-22,push_service,push,PUSH_ON,1
h-00340,30017,2025-08-10,push_cashback,push,CASHBACK_5,0
h-00341,30018,2025-01-13,push_cashback,push,CASHBACK_5,0
h-00342,30018,2025-02-06,sms_cashback,sms,CASHBACK_5,0
h-00343,30018,2025-02-17,call_collect,call,COLLECT_01,0
h-00344,30018,2025-02-26,push_service,push,PUSH_ON,0
h-00345,30018,2025-03-23,push_cashback,push,CASHBACK_5,0
h-00346,30018,2025-04-13,push_service,push,PUSH_ON,0
h-00347,30018,2025-05-03,sms_cashback,sms,CASHBACK_5,1
h-00348,30018,2025-05-21,push_cashback,push,CASHBACK_5,0
h-00349,30018,2025-05-29,push_cashback,push,CASHBACK_5,0
h-00350,30018,2025-06-17,email_cashback,email,CASHBACK_5,0
h-00351,30018,2025-07-06,push_cashback,push,CASHBACK_5,0
h-00352,30018,2025-07-24,sms_cashback,sms,CASHBACK_5,1
h-00353,30018,2025-08-03,email_cashback,email,CASHBACK_5,1
h-00354,30018,2025-08-13,push_service,push,PUSH_ON,0
h-00355,30018,2025-08-31,sms_refinance,sms,REFIN_12,0
h-00356,30018,2025-09-13,push_cashback,push,CASHBACK_5,1
h-00357,30018,2025-10-10,sms_refinance,sms,REFIN_12,0
h-00358,30018,2025-11-02,call_collect,call,COLLECT_01,1
h-00359,30018,2025-11-17,call_collect,call,COLLECT_01,0
h-00360,30019,2025-01-29,call_collect,call,COLLECT_01,0
h-00361,30019,2025-02-15,push_credit,push,CC_LIMIT,0
h-00362,30019,2025-03-15,sms_refinance,sms,REFIN_12,0
h-00363,30019,2025-03-27,push_service,push,PUSH_ON,0
h-00364,30019,2025-04-07,sms_refinance,sms,REFIN_12,1
h-00365,30019,2025-04-21,push_cashback,push,CASHBACK_5,1
h-00366,30019,2025-05-10,call_collect,call,COLLECT_01,0
h-00367,30019,2025-05-27,push_service,push,PUSH_ON,0
h-00368,30019,2025-06-15,sms_cashback,sms,CASHBACK_5,1
h-00369,30019,2025-06-25,call_collect,call,COLLECT_01,0
h-00370,30019,2025-07-12,sms_refinance,sms,REFIN_12,1
h-00371,30019,2025-08-06,push_service,push,PUSH_ON,0
h-00372,30019,2025-08-23,sms_cashback,sms,CASHBACK_5,0
h-00373,30020,2025-01-30,push_cashback,push,CASHBACK_5,0
h-00374,30020,2025-02-15,call_collect,call,COLLECT_01,0
h-00375,30020,2025-03-12,push_service,push,PUSH_ON,0
h-00376,30020,2025-04-05,email_cashback,email,CASHBACK_5,0
h-00377,30020,2025-04-17,call_collect,call,COLLECT_01,1
h-00378,30020,2025-05-06,push_cashback,push,CASHBACK_5,0
h-00379,30020,2025-05-25,sms_cashback,sms,CASHBACK_5,0
h-00380,30020,2025-06-10,call_collect,call,COLLECT_01,0
h-00381,30020,2025-06-28,push_service,push,PUSH_ON,1
h-00382,30020,2025-07-22,push_service,push,PUSH_ON,1
h-00383,30020,2025-08-07,call_collect,call,COLLECT_01,1
h-00384,30020,2025-08-16,call_collect,call,COLLECT_01,0
h-00385,30020,2025-08-30,email_cashback,email,CASHBACK_5,0
h-00386,30020,2025-09-22,sms_refinance,sms,REFIN_12,0
h-00387,30021,2025-01-15,email_cashback,email,CASHBACK_5,1
h-00388,30021,2025-02-08,push_service,push,PUSH_ON,0
h-00389,30021,2025-03-05,push_cashback,push,CASHBACK_5,0
h-00390,30021,2025-03-22,push_service,push,PUSH_ON,1
h-00391,30021,2025-04-18,push_cashback,push,CASHBACK_5,0
h-00392,30021,2025-05-13,email_cashback,email,CASHBACK_5,0
h-00393,30021,2025-05-23,call_collect,call,COLLECT_01,0
h-00394,30021,2025-06-05,push_service,push,PUSH_ON,0
h-00395,30021,2025-06-30,sms_refinance,sms,REFIN_12,0
h-00396,30021,2025-07-18,sms_cashback,sms,CASHBACK_5,0
h-00397,30021,2025-08-03,call_collect,call,COLLECT_01,0
h-00398,30021,2025-08-29,sms_cashback,sms,CASHBACK_5,0
h-00399,30021,2025-09-23,push_service,push,PUSH_ON,0
h-00400,30021,2025-10-04,push_credit,push,CC_LIMIT,1
h-00401,30021,2025-10-20,push_cashback,push,CASHBACK_5,0
h-00402,30021,2025-10-30,push_cashback,push,CASHBACK_5,0
h-00403,30021,2025-11-15,sms_cashback,sms,CASHBACK_5,0
h-00404,30021,2025-12-02,push_cashback,push,CASHBACK_5,0
h-00405,30022,2025-01-18,sms_cashback,sms,CASHBACK_5,0
h-00406,30022,2025-01-29,push_cashback,push,CASHBACK_5,0
h-00407,30022,2025-02-10,push_cashback,push,CASHBACK_5,0
h-00408,30022,2025-02-20,sms_refinance,sms,REFIN_12,0
h-00409,30022,2025-03-05,push_credit,push,CC_LIMIT,0
h-00410,30022,2025-03-29,sms_refinance,sms,REFIN_12,1
h-00411,30022,2025-04-17,push_cashback,push,CASHBACK_5,0
h-00412,30022,2025-05-09,push_cashback,push,CASHBACK_5,1
h-00413,30022,2025-05-28,sms_refinance,sms,REFIN_12,0
h-00414,30022,2025-06-23,push_cashback,push,CASHBACK_5,0
h-00415,30022,2025-07-19,push_credit,push,CC_LIMIT,0
h-00416,30022,2025-08-05,push_cashback,push,CASHBACK_5,0
h-00417,30022,2025-08-14,push_service,push,PUSH_ON,1
h-00418,30022,2025-08-31,push_cashback,push,CASHBACK_5,0
h-00419,30022,2025-09-11,sms_refinance,sms,REFIN_12,0
h-00420,30022,2025-09-24,email_cashback,email,CASHBACK_5,0
h-00421,30022,2025-10-11,email_cashback,email,CASHBACK_5,1
h-00422,30022,2025-10-24,sms_cashback,sms,CASHBACK_5,0
h-00423,30022,2025-11-13,sms_cashback,sms,CASHBACK_5,1
h-00424,30022,2025-12-10,call_collect,call,COLLECT_01,1
h-00425,30023,2025-02-01,email_cashback,email,CASHBACK_5,0
h-00426,30023,2025-02-26,email_cashback,email,CASHBACK_5,0
h-00427,30023,2025-03-14,push_cashback,push,CASHBACK_5,0
h-00428,30023,2025-04-01,push_credit,push,CC_LIMIT,1
h-00429,30023,2025-04-26,email_cashback,email,CASHBACK_5,0
h-00430,30023,2025-05-10,sms_cashback,sms,CASHBACK_5,0
h-00431,30023,2025-05-23,call_collect,call,COLLECT_01,0
h-00432,30023,2025-06-04,sms_refinance,sms,REFIN_12,0
h-00433,30023,2025-06-18,sms_cashback,sms,CASHBACK_5,0
h-00434,30023,2025-07-14,push_credit,push,CC_LIMIT,0
h-00435,30023,2025-08-08,email_cashback,email,CASHBACK_5,0
h-00436,30023,2025-09-05,push_service,push,PUSH_ON,0
h-00437,30023,2025-09-15,call_collect,call,COLLECT_01,0
h-00438,30023,2025-09-25,sms_cashback,sms,CASHBACK_5,0
h-00439,30023,2025-10-21,call_collect,call,COLLECT_01,0
h-00440,30023,2025-10-31,sms_cashback,sms,CASHBACK_5,0
h-00441,30023,2025-11-08,email_cashback,email,CASHBACK_5,0
h-00442,30023,2025-11-26,call_collect,call,COLLECT_01,0
h-00443,30024,2025-01-15,push_cashback,push,CASHBACK_5,0
h-00444,30024,2025-01-30,email_cashback,email,CASHBACK_5,0
h-00445,30024,2025-02-17,push_service,push,PUSH_ON,0
h-00446,30024,2025-03-16,sms_cashback,sms,CASHBACK_5,0
h-00447,30024,2025-03-27,push_cashback,push,CASHBACK_5,0
h-00448,30024,2025-04-08,sms_refinance,sms,REFIN_12,0
h-00449,30024,2025-04-19,push_credit,push,CC_LIMIT,0
h-00450,30024,2025-05-13,sms_refinance,sms,REFIN_12,0
h-00451,30024,2025-06-06,push_cashback,push,CASHBACK_5,0
h-00452,30024,2025-06-24,sms_refinance,sms,REFIN_12,0
h-00453,30024,2025-07-02,push_service,push,PUSH_ON,1
h-00454,30024,2025-07-19,push_credit,push,CC_LIMIT,0
h-00455,30024,2025-07-30,sms_cashback,sms,CASHBACK_5,0
h-00456,30024,2025-08-27,push_credit,push,CC_LIMIT,0
h-00457,30024,2025-09-24,push_service,push,PUSH_ON,1
h-00458,30024,2025-10-17,sms_cashback,sms,CASHBACK_5,0
h-00459,30024,2025-10-30,push_service,push,PUSH_ON,0
h-00460,30024,2025-11-10,push_service,push,PUSH_ON,0
h-00461,30024,2025-12-06,push_service,push,PUSH_ON,0
h-00462,30024,2025-12-16,push_credit,push,CC_LIMIT,0
h-00463,30024,2026-01-01,push_service,push,PUSH_ON,1
h-00464,30024,2026-01-22,sms_refinance,sms,REFIN_12,0
h-00465,30024,2026-02-17,push_credit,push,CC_LIMIT,0
h-00466,30024,2026-02-27,push_cashback,push,CASHBACK_5,1
h-00467,30024,2026-03-25,sms_cashback,sms,CASHBACK_5,1
h-00468,30025,2025-01-27,push_cashback,push,CASHBACK_5,0
h-00469,30025,2025-02-19,push_credit,push,CC_LIMIT,0
h-00470,30025,2025-03-06,email_cashback,email,CASHBACK_5,0
h-00471,30025,2025-03-15,call_collect,call,COLLECT_01,0
h-00472,30025,2025-04-11,sms_cashback,sms,CASHBACK_5,0
h-00473,30025,2025-04-25,push_cashback,push,CASHBACK_5,0
h-00474,30025,2025-05-12,push_cashback,push,CASHBACK_5,0
h-00475,30025,2025-05-24,push_credit,push,CC_LIMIT,0
h-00476,30025,2025-06-18,push_cashback,push,CASHBACK_5,0
h-00477,30025,2025-07-09,push_service,push,PUSH_ON,0
h-00478,30025,2025-08-01,sms_refinance,sms,REFIN_12,0
h-00479,30025,2025-08-25,push_cashback,push,CASHBACK_5,0
h-00480,30025,2025-09-02,sms_cashback,sms,CASHBACK_5,0
h-00481,30025,2025-09-27,sms_cashback,sms,CASHBACK_5,0
h-00482,30025,2025-10-12,email_cashback,email,CASHBACK_5,1
h-00483,30025,2025-11-06,email_cashback,email,CASHBACK_5,0
h-00484,30025,2025-11-21,push_service,push,PUSH_ON,1
h-00485,30026,2025-01-13,push_cashback,push,CASHBACK_5,0
h-00486,30026,2025-02-06,call_collect,call,COLLECT_01,0
h-00487,30026,2025-03-05,push_cashback,push,CASHBACK_5,1
h-00488,30026,2025-03-31,sms_refinance,sms,REFIN_12,0
h-00489,30026,2025-04-23,sms_refinance,sms,REFIN_12,1
h-00490,30026,2025-05-07,push_cashback,push,CASHBACK_5,1
h-00491,30026,2025-05-19,call_collect,call,COLLECT_01,0
h-00492,30026,2025-06-13,sms_cashback,sms,CASHBACK_5,0
h-00493,30026,2025-06-23,call_collect,call,COLLECT_01,0
h-00494,30026,2025-07-02,sms_cashback,sms,CASHBACK_5,0
h-00495,30026,2025-07-16,sms_refinance,sms,REFIN_12,1
h-00496,30026,2025-07-31,sms_refinance,sms,REFIN_12,0
h-00497,30026,2025-08-27,call_collect,call,COLLECT_01,0
h-00498,30026,2025-09-17,sms_cashback,sms,CASHBACK_5,0
h-00499,30026,2025-10-01,sms_cashback,sms,CASHBACK_5,0
h-00500,30026,2025-10-12,email_cashback,email,CASHBACK_5,0
h-00501,30026,2025-11-06,push_credit,push,CC_LIMIT,0
h-00502,30026,2025-11-22,sms_refinance,sms,REFIN_12,0
h-00503,30026,2025-12-01,call_collect,call,COLLECT_01,0
h-00504,30026,2025-12-26,push_credit,push,CC_LIMIT,0
h-00505,30026,2026-01-18,call_collect,call,COLLECT_01,0
h-00506,30026,2026-02-09,push_cashback,push,CASHBACK_5,0
h-00507,30026,2026-02-18,email_cashback,email,CASHBACK_5,0
h-00508,30027,2025-02-01,push_service,push,PUSH_ON,0
h-00509,30027,2025-03-01,email_cashback,email,CASHBACK_5,0
h-00510,30027,2025-03-16,push_cashback,push,CASHBACK_5,0
h-00511,30027,2025-04-07,push_service,push,PUSH_ON,0
h-00512,30027,2025-04-21,call_collect,call,COLLECT_01,0
h-00513,30027,2025-05-17,sms_refinance,sms,REFIN_12,0
h-00514,30027,2025-05-31,call_collect,call,COLLECT_01,0
h-00515,30027,2025-06-08,sms_refinance,sms,REFIN_12,0
h-00516,30027,2025-06-16,push_service,push,PUSH_ON,1
h-00517,30027,2025-06-28,push_cashback,push,CASHBACK_5,0
h-00518,30027,2025-07-23,push_cashback,push,CASHBACK_5,0
h-00519,30027,2025-08-17,push_cashback,push,CASHBACK_5,0
h-00520,30027,2025-08-29,push_credit,push,CC_LIMIT,0
h-00521,30027,2025-09-25,push_credit,push,CC_LIMIT,0
h-00522,30027,2025-10-10,sms_refinance,sms,REFIN_12,0
h-00523,30027,2025-10-28,push_cashback,push,CASHBACK_5,1
h-00524,30027,2025-11-25,call_collect,call,COLLECT_01,0
h-00525,30027,2025-12-18,push_cashback,push,CASHBACK_5,0
h-00526,30027,2026-01-07,call_collect,call,COLLECT_01,0
h-00527,30027,2026-01-26,sms_refinance,sms,REFIN_12,0
h-00528,30027,2026-02-07,push_cashback,push,CASHBACK_5,0
h-00529,30028,2025-01-16,push_cashback,push,CASHBACK_5,0
h-00530,30028,2025-02-05,call_collect,call,COLLECT_01,0
h-00531,30028,2025-02-21,sms_cashback,sms,CASHBACK_5,0
h-00532,30028,2025-03-02,sms_refinance,sms,REFIN_12,0
h-00533,30028,2025-03-17,push_cashback,push,CASHBACK_5,0
h-00534,30028,2025-03-28,push_cashback,push,CASHBACK_5,0
h-00535,30028,2025-04-10,push_credit,push,CC_LIMIT,0
h-00536,30028,2025-04-28,push_service,push,PUSH_ON,0
h-00537,30028,2025-05-13,email_cashback,email,CASHBACK_5,0
h-00538,30028,2025-05-24,sms_refinance,sms,REFIN_12,0
h-00539,30028,2025-06-02,sms_cashback,sms,CASHBACK_5,0
h-00540,30028,2025-06-27,push_credit,push,CC_LIMIT,0
h-00541,30028,2025-07-05,email_cashback,email,CASHBACK_5,0
h-00542,30029,2025-01-15,sms_cashback,sms,CASHBACK_5,0
h-00543,30029,2025-02-09,sms_refinance,sms,REFIN_12,1
h-00544,30029,2025-03-02,push_cashback,push,CASHBACK_5,0
h-00545,30029,2025-03-15,sms_cashback,sms,CASHBACK_5,0
h-00546,30029,2025-03-25,sms_refinance,sms,REFIN_12,0
h-00547,30029,2025-04-15,sms_cashback,sms,CASHBACK_5,0
h-00548,30029,2025-05-04,email_cashback,email,CASHBACK_5,0
h-00549,30029,2025-05-26,push_cashback,push,CASHBACK_5,0
h-00550,30029,2025-06-16,push_service,push,PUSH_ON,0
h-00551,30029,2025-06-29,sms_refinance,sms,REFIN_12,0
h-00552,30029,2025-07-13,push_cashback,push,CASHBACK_5,1
h-00553,30029,2025-08-09,sms_cashback,sms,CASHBACK_5,0
h-00554,30029,2025-08-22,email_cashback,email,CASHBACK_5,0
h-00555,30029,2025-09-05,sms_refinance,sms,REFIN_12,1
h-00556,30029,2025-09-29,sms_refinance,sms,REFIN_12,1
h-00557,30029,2025-10-27,email_cashback,email,CASHBACK_5,0
h-00558,30029,2025-11-20,push_service,push,PUSH_ON,0
h-00559,30029,2025-11-28,call_collect,call,COLLECT_01,0
h-00560,30029,2025-12-21,email_cashback,email,CASHBACK_5,0
h-00561,30029,2026-01-11,push_credit,push,CC_LIMIT,1
h-00562,30029,2026-01-31,push_service,push,PUSH_ON,0
h-00563,30029,2026-02-15,push_cashback,push,CASHBACK_5,1
h-00564,30029,2026-03-11,push_cashback,push,CASHBACK_5,1
h-00565,30029,2026-03-21,push_service,push,PUSH_ON,1
h-00566,30029,2026-04-16,call_collect,call,COLLECT_01,0
h-00567,30029,2026-04-25,email_cashback,email,CASHBACK_5,0
h-00568,30030,2025-01-24,sms_refinance,sms,REFIN_12,0
h-00569,30030,2025-02-02,sms_cashback,sms,CASHBACK_5,1
h-00570,30030,2025-02-18,push_cashback,push,CASHBACK_5,0
h-00571,30030,2025-03-03,push_credit,push,CC_LIMIT,0
h-00572,30030,2025-03-18,push_cashback,push,CASHBACK_5,0
h-00573,30030,2025-04-10,sms_refinance,sms,REFIN_12,0
h-00574,30030,2025-05-04,sms_cashback,sms,CASHBACK_5,0
h-00575,30030,2025-05-26,sms_refinance,sms,REFIN_12,0
h-00576,30030,2025-06-11,sms_cashback,sms,CASHBACK_5,0
h-00577,30030,2025-07-06,sms_refinance,sms,REFIN_12,0
h-00578,30030,2025-07-15,call_collect,call,COLLECT_01,0
h-00579,30030,2025-08-11,push_cashback,push,CASHBACK_5,0
h-00580,30030,2025-08-31,sms_refinance,sms,REFIN_12,0
h-00581,30030,2025-09-23,push_cashback,push,CASHBACK_5,0
h-00582,30030,2025-10-14,email_cashback,email,CASHBACK_5,0
h-00583,30031,2025-01-23,push_cashback,push,CASHBACK_5,0
h-00584,30031,2025-02-13,push_credit,push,CC_LIMIT,0
h-00585,30031,2025-03-05,sms_cashback,sms,CASHBACK_5,0
h-00586,30031,2025-03-23,push_credit,push,CC_LIMIT,1
h-00587,30031,2025-04-08,call_collect,call,COLLECT_01,1
h-00588,30031,2025-04-18,push_service,push,PUSH_ON,0
h-00589,30031,2025-05-13,push_cashback,push,CASHBACK_5,0
h-00590,30031,2025-06-10,push_cashback,push,CASHBACK_5,0
h-00591,30031,2025-07-01,sms_cashback,sms,CASHBACK_5,0
h-00592,30031,2025-07-27,call_collect,call,COLLECT_01,0
h-00593,30031,2025-08-14,sms_refinance,sms,REFIN_12,0
h-00594,30031,2025-08-30,sms_cashback,sms,CASHBACK_5,0
h-00595,30031,2025-09-13,push_cashback,push,CASHBACK_5,1
h-00596,30031,2025-10-02,push_service,push,PUSH_ON,0
h-00597,30031,2025-10-16,push_credit,push,CC_LIMIT,0
h-00598,30031,2025-11-10,sms_refinance,sms,REFIN_12,0
h-00599,30031,2025-12-02,sms_refinance,sms,REFIN_12,0
h-00600,30031,2025-12-20,call_collect,call,COLLECT_01,0
h-00601,30032,2025-01-20,push_cashback,push,CASHBACK_5,0
h-00602,30032,2025-02-05,email_cashback,email,CASHBACK_5,0
h-00603,30032,2025-02-16,push_service,push,PUSH_ON,1
h-00604,30032,2025-03-10,sms_cashback,sms,CASHBACK_5,0
h-00605,30032,2025-03-19,push_credit,push,CC_LIMIT,0
h-00606,30032,2025-03-28,push_cashback,push,CASHBACK_5,0
h-00607,30032,2025-04-15,sms_refinance,sms,REFIN_12,1
h-00608,30032,2025-04-24,push_service,push,PUSH_ON,1
h-00609,30032,2025-05-10,push_service,push,PUSH_ON,1
h-00610,30032,2025-05-21,push_credit,push,CC_LIMIT,1
h-00611,30032,2025-06-10,sms_cashback,sms,CASHBACK_5,0
h-00612,30032,2025-07-04,email_cashback,email,CASHBACK_5,0
h-00613,30032,2025-07-13,push_service,push,PUSH_ON,0
h-00614,30032,2025-08-07,email_cashback,email,CASHBACK_5,1
h-00615,30032,2025-09-04,push_cashback,push,CASHBACK_5,1
h-00616,30032,2025-09-29,email_cashback,email,CASHBACK_5,0
h-00617,30032,2025-10-14,push_cashback,push,CASHBACK_5,0
h-00618,30032,2025-11-02,push_cashback,push,CASHBACK_5,1
h-00619,30032,2025-11-12,push_service,push,PUSH_ON,0
h-00620,30032,2025-11-24,push_service,push,PUSH_ON,0
h-00621,30032,2025-12-12,push_cashback,push,CASHBACK_5,0
h-00622,30032,2025-12-28,email_cashback,email,CASHBACK_5,0
h-00623,30032,2026-01-12,sms_refinance,sms,REFIN_12,0
h-00624,30033,2025-01-24,call_collect,call,COLLECT_01,0
h-00625,30033,2025-02-15,push_credit,push,CC_LIMIT,0
h-00626,30033,2025-02-26,sms_refinance,sms,REFIN_12,0
h-00627,30033,2025-03-23,push_credit,push,CC_LIMIT,0
h-00628,30033,2025-04-14,sms_cashback,sms,CASHBACK_5,0
h-00629,30033,2025-04-26,push_credit,push,CC_LIMIT,0
h-00630,30033,2025-05-19,sms_cashback,sms,CASHBACK_5,1
h-00631,30033,2025-06-06,call_collect,call,COLLECT_01,0
h-00632,30033,2025-07-03,sms_refinance,sms,REFIN_12,0
h-00633,30033,2025-07-13,sms_cashback,sms,CASHBACK_5,1
h-00634,30033,2025-08-09,push_cashback,push,CASHBACK_5,0
h-00635,30033,2025-09-02,push_service,push,PUSH_ON,0
h-00636,30033,2025-09-15,sms_cashback,sms,CASHBACK_5,0
h-00637,30033,2025-10-06,push_cashback,push,CASHBACK_5,1
h-00638,30033,2025-10-17,push_service,push,PUSH_ON,1
h-00639,30033,2025-11-07,push_cashback,push,CASHBACK_5,0
h-00640,30034,2025-01-27,push_service,push,PUSH_ON,1
h-00641,30034,2025-02-22,push_service,push,PUSH_ON,0
h-00642,30034,2025-03-09,email_cashback,email,CASHBACK_5,0
h-00643,30034,2025-04-04,push_service,push,PUSH_ON,1
h-00644,30034,2025-04-29,email_cashback,email,CASHBACK_5,0
h-00645,30034,2025-05-24,push_service,push,PUSH_ON,1
h-00646,30034,2025-06-21,sms_refinance,sms,REFIN_12,0
h-00647,30034,2025-07-01,push_cashback,push,CASHBACK_5,1
h-00648,30034,2025-07-14,push_cashback,push,CASHBACK_5,1
h-00649,30034,2025-07-22,push_cashback,push,CASHBACK_5,1
h-00650,30034,2025-08-14,sms_cashback,sms,CASHBACK_5,0
h-00651,30034,2025-08-25,email_cashback,email,CASHBACK_5,0
h-00652,30034,2025-09-09,sms_cashback,sms,CASHBACK_5,0
h-00653,30034,2025-09-24,sms_refinance,sms,REFIN_12,0
h-00654,30034,2025-10-13,call_collect,call,COLLECT_01,0
h-00655,30034,2025-11-05,sms_refinance,sms,REFIN_12,0
h-00656,30034,2025-11-16,call_collect,call,COLLECT_01,0
h-00657,30034,2025-11-30,push_cashback,push,CASHBACK_5,1
h-00658,30034,2025-12-14,push_service,push,PUSH_ON,0
h-00659,30034,2026-01-07,call_collect,call,COLLECT_01,0
h-00660,30034,2026-01-30,sms_cashback,sms,CASHBACK_5,0
h-00661,30034,2026-02-08,sms_cashback,sms,CASHBACK_5,0
h-00662,30034,2026-02-26,call_collect,call,COLLECT_01,0
h-00663,30034,2026-03-22,push_service,push,PUSH_ON,0
h-00664,30034,2026-04-19,email_cashback,email,CASHBACK_5,0
h-00665,30035,2025-01-13,call_collect,call,COLLECT_01,0
h-00666,30035,2025-01-22,push_credit,push,CC_LIMIT,0
h-00667,30035,2025-02-08,sms_refinance,sms,REFIN_12,1
h-00668,30035,2025-03-07,sms_refinance,sms,REFIN_12,0
h-00669,30035,2025-03-29,call_collect,call,COLLECT_01,1
h-00670,30035,2025-04-16,call_collect,call,COLLECT_01,1
h-00671,30035,2025-05-04,push_cashback,push,CASHBACK_5,1
h-00672,30035,2025-05-22,call_collect,call,COLLECT_01,0
h-00673,30035,2025-06-09,push_service,push,PUSH_ON,0
h-00674,30035,2025-07-06,push_credit,push,CC_LIMIT,0
h-00675,30035,2025-07-18,push_service,push,PUSH_ON,0
h-00676,30035,2025-08-03,sms_refinance,sms,REFIN_12,0
h-00677,30035,2025-08-28,sms_cashback,sms,CASHBACK_5,0
h-00678,30035,2025-09-08,push_credit,push,CC_LIMIT,0
h-00679,30035,2025-09-17,email_cashback,email,CASHBACK_5,0
h-00680,30035,2025-10-06,sms_refinance,sms,REFIN_12,0
h-00681,30035,2025-10-27,push_cashback,push,CASHBACK_5,0
h-00682,30036,2025-01-23,email_cashback,email,CASHBACK_5,0
h-00683,30036,2025-02-02,sms_cashback,sms,CASHBACK_5,0
h-00684,30036,2025-02-26,push_service,push,PUSH_ON,1
h-00685,30036,2025-03-13,push_service,push,PUSH_ON,1
h-00686,30036,2025-03-25,push_cashback,push,CASHBACK_5,0
h-00687,30036,2025-04-09,call_collect,call,COLLECT_01,0
h-00688,30036,2025-05-05,push_service,push,PUSH_ON,0
h-00689,30036,2025-05-31,sms_refinance,sms,REFIN_12,1
h-00690,30036,2025-06-27,push_service,push,PUSH_ON,0
h-00691,30036,2025-07-05,push_cashback,push,CASHBACK_5,1
h-00692,30036,2025-07-24,sms_refinance,sms,REFIN_12,0
h-00693,30036,2025-08-01,push_cashback,push,CASHBACK_5,1
h-00694,30036,2025-08-21,sms_cashback,sms,CASHBACK_5,0
h-00695,30036,2025-09-11,push_cashback,push,CASHBACK_5,1
h-00696,30037,2025-01-20,push_cashback,push,CASHBACK_5,0
h-00697,30037,2025-02-03,push_service,push,PUSH_ON,1
h-00698,30037,2025-02-11,push_cashback,push,CASHBACK_5,0
h-00699,30037,2025-03-09,push_service,push,PUSH_ON,1
h-00700,30037,2025-03-27,sms_refinance,sms,REFIN_12,1
h-00701,30037,2025-04-04,email_cashback,email,CASHBACK_5,0
h-00702,30037,2025-04-25,push_service,push,PUSH_ON,0
h-00703,30037,2025-05-22,push_service,push,PUSH_ON,0
h-00704,30037,2025-06-09,sms_cashback,sms,CASHBACK_5,0
h-00705,30037,2025-07-05,push_credit,push,CC_LIMIT,0
h-00706,30037,2025-07-26,push_service,push,PUSH_ON,0
h-00707,30037,2025-08-03,push_cashback,push,CASHBACK_5,0
h-00708,30037,2025-08-30,email_cashback,email,CASHBACK_5,0
h-00709,30037,2025-09-26,sms_cashback,sms,CASHBACK_5,0
h-00710,30037,2025-10-08,push_cashback,push,CASHBACK_5,0
h-00711,30037,2025-11-03,call_collect,call,COLLECT_01,1
h-00712,30037,2025-11-22,push_cashback,push,CASHBACK_5,1
h-00713,30037,2025-12-01,sms_cashback,sms,CASHBACK_5,0
h-00714,30037,2025-12-29,push_service,push,PUSH_ON,1
h-00715,30037,2026-01-26,call_collect,call,COLLECT_01,0
h-00716,30037,2026-02-12,push_cashback,push,CASHBACK_5,0
h-00717,30037,2026-02-27,push_service,push,PUSH_ON,1
h-00718,30037,2026-03-15,sms_cashback,sms,CASHBACK_5,0
h-00719,30038,2025-01-16,sms_refinance,sms,REFIN_12,0
h-00720,30038,2025-01-27,sms_cashback,sms,CASHBACK_5,0
h-00721,30038,2025-02-07,push_credit,push,CC_LIMIT,1
h-00722,30038,2025-02-17,push_credit,push,CC_LIMIT,0
h-00723,30038,2025-03-07,push_service,push,PUSH_ON,0
h-00724,30038,2025-04-02,push_credit,push,CC_LIMIT,0
h-00725,30038,2025-04-18,push_service,push,PUSH_ON,1
h-00726,30038,2025-05-06,email_cashback,email,CASHBACK_5,0
h-00727,30038,2025-05-14,sms_refinance,sms,REFIN_12,0
h-00728,30038,2025-06-05,sms_cashback,sms,CASHBACK_5,0
h-00729,30038,2025-06-14,push_cashback,push,CASHBACK_5,1
h-00730,30038,2025-06-27,sms_cashback,sms,CASHBACK_5,0
h-00731,30038,2025-07-05,push_cashback,push,CASHBACK_5,0
h-00732,30038,2025-07-17,sms_cashback,sms,CASHBACK_5,0
h-00733,30038,2025-08-09,push_service,push,PUSH_ON,0
h-00734,30038,2025-09-05,email_cashback,email,CASHBACK_5,0
h-00735,30038,2025-09-20,call_collect,call,COLLECT_01,0
h-00736,30038,2025-10-14,call_collect,call,COLLECT_01,0
h-00737,30038,2025-10-31,email_cashback,email,CASHBACK_5,0
h-00738,30038,2025-11-17,push_credit,push,CC_LIMIT,0
h-00739,30038,2025-11-25,call_collect,call,COLLECT_01,0
h-00740,30038,2025-12-06,push_service,push,PUSH_ON,0
h-00741,30038,2025-12-16,sms_refinance,sms,REFIN_12,1
h-00742,30039,2025-02-01,sms_cashback,sms,CASHBACK_5,0
h-00743,30039,2025-02-24,push_credit,push,CC_LIMIT,1
h-00744,30039,2025-03-05,sms_cashback,sms,CASHBACK_5,0
h-00745,30039,2025-03-13,sms_cashback,sms,CASHBACK_5,0
h-00746,30039,2025-03-24,sms_cashback,sms,CASHBACK_5,0
h-00747,30039,2025-04-17,push_cashback,push,CASHBACK_5,0
h-00748,30039,2025-04-25,push_service,push,PUSH_ON,0
h-00749,30039,2025-05-12,push_credit,push,CC_LIMIT,0
h-00750,30039,2025-05-26,push_cashback,push,CASHBACK_5,0
h-00751,30039,2025-06-06,sms_refinance,sms,REFIN_12,1
h-00752,30039,2025-06-23,push_credit,push,CC_LIMIT,0
h-00753,30039,2025-07-16,sms_cashback,sms,CASHBACK_5,0
h-00754,30040,2025-01-26,push_cashback,push,CASHBACK_5,0
h-00755,30040,2025-02-07,push_cashback,push,CASHBACK_5,0
h-00756,30040,2025-02-17,sms_refinance,sms,REFIN_12,0
h-00757,30040,2025-03-05,sms_cashback,sms,CASHBACK_5,0
h-00758,30040,2025-03-18,push_credit,push,CC_LIMIT,0
h-00759,30040,2025-04-02,call_collect,call,COLLECT_01,0
h-00760,30040,2025-04-20,call_collect,call,COLLECT_01,1
h-00761,30040,2025-05-04,push_cashback,push,CASHBACK_5,0
h-00762,30040,2025-05-21,call_collect,call,COLLECT_01,0
h-00763,30040,2025-05-30,call_collect,call,COLLECT_01,0
h-00764,30040,2025-06-24,push_credit,push,CC_LIMIT,0
h-00765,30040,2025-07-03,email_cashback,email,CASHBACK_5,1
h-00766,30040,2025-07-17,push_cashback,push,CASHBACK_5,0
h-00767,30040,2025-08-13,sms_cashback,sms,CASHBACK_5,0
h-00768,30040,2025-09-03,sms_refinance,sms,REFIN_12,1
h-00769,30040,2025-09-25,push_cashback,push,CASHBACK_5,0
h-00770,30040,2025-10-19,call_collect,call,COLLECT_01,1
h-00771,30040,2025-11-16,sms_cashback,sms,CASHBACK_5,0
h-00772,30040,2025-12-05,call_collect,call,COLLECT_01,0
h-00773,30040,2026-01-02,push_service,push,PUSH_ON,0
h-00774,30040,2026-01-27,push_credit,push,CC_LIMIT,1
h-00775,30040,2026-02-05,push_cashback,push,CASHBACK_5,0
h-00776,30040,2026-03-04,push_service,push,PUSH_ON,1
h-00777,30040,2026-03-17,push_cashback,push,CASHBACK_5,0
h-00778,30041,2025-01-25,push_credit,push,CC_LIMIT,0
h-00779,30041,2025-02-08,call_collect,call,COLLECT_01,1
h-00780,30041,2025-03-02,push_credit,push,CC_LIMIT,1
h-00781,30041,2025-03-26,push_service,push,PUSH_ON,0
h-00782,30041,2025-04-22,push_service,push,PUSH_ON,0
h-00783,30041,2025-05-14,call_collect,call,COLLECT_01,0
h-00784,30041,2025-06-08,push_service,push,PUSH_ON,1
h-00785,30041,2025-06-28,push_cashback,push,CASHBACK_5,1
h-00786,30041,2025-07-13,push_service,push,PUSH_ON,1
h-00787,30041,2025-07-22,sms_cashback,sms,CASHBACK_5,0
h-00788,30041,2025-08-07,email_cashback,email,CASHBACK_5,0
h-00789,30041,2025-08-25,push_service,push,PUSH_ON,0
h-00790,30041,2025-09-18,push_service,push,PUSH_ON,0
h-00791,30041,2025-10-07,push_credit,push,CC_LIMIT,0
h-00792,30041,2025-10-31,sms_cashback,sms,CASHBACK_5,0
h-00793,30041,2025-11-14,push_service,push,PUSH_ON,0
h-00794,30041,2025-12-06,push_cashback,push,CASHBACK_5,0
h-00795,30041,2025-12-14,push_credit,push,CC_LIMIT,1
h-00796,30041,2026-01-07,call_collect,call,COLLECT_01,0
h-00797,30041,2026-01-19,sms_cashback,sms,CASHBACK_5,1
h-00798,30041,2026-02-15,push_service,push,PUSH_ON,0
h-00799,30041,2026-03-04,sms_cashback,sms,CASHBACK_5,0
h-00800,30041,2026-03-27,push_cashback,push,CASHBACK_5,1
h-00801,30041,2026-04-19,push_service,push,PUSH_ON,0
h-00802,30042,2025-01-23,call_collect,call,COLLECT_01,0
h-00803,30042,2025-02-04,call_collect,call,COLLECT_01,0
h-00804,30042,2025-02-28,email_cashback,email,CASHBACK_5,0
h-00805,30042,2025-03-08,push_service,push,PUSH_ON,1
h-00806,30042,2025-03-23,email_cashback,email,CASHBACK_5,0
h-00807,30042,2025-04-02,call_collect,call,COLLECT_01,0
h-00808,30042,2025-04-30,push_cashback,push,CASHBACK_5,0
h-00809,30042,2025-05-08,push_credit,push,CC_LIMIT,0
h-00810,30042,2025-06-04,sms_refinance,sms,REFIN_12,0
h-00811,30042,2025-06-22,email_cashback,email,CASHBACK_5,0
h-00812,30042,2025-07-08,sms_cashback,sms,CASHBACK_5,0
h-00813,30042,2025-08-01,call_collect,call,COLLECT_01,0
h-00814,30042,2025-08-22,push_service,push,PUSH_ON,0
h-00815,30042,2025-09-17,sms_cashback,sms,CASHBACK_5,0
h-00816,30042,2025-09-30,call_collect,call,COLLECT_01,0
h-00817,30042,2025-10-18,push_cashback,push,CASHBACK_5,0
h-00818,30042,2025-11-14,push_credit,push,CC_LIMIT,0
h-00819,30042,2025-12-02,push_credit,push,CC_LIMIT,0
h-00820,30042,2025-12-30,call_collect,call,COLLECT_01,0
h-00821,30042,2026-01-13,email_cashback,email,CASHBACK_5,0
h-00822,30042,2026-02-07,sms_cashback,sms,CASHBACK_5,0
h-00823,30042,2026-02-17,email_cashback,email,CASHBACK_5,0
h-00824,30042,2026-03-03,email_cashback,email,CASHBACK_5,0
h-00825,30043,2025-01-29,push_cashback,push,CASHBACK_5,1
h-00826,30043,2025-02-13,push_service,push,PUSH_ON,0
h-00827,30043,2025-03-06,push_cashback,push,CASHBACK_5,0
h-00828,30043,2025-03-18,push_service,push,PUSH_ON,1
h-00829,30043,2025-03-31,call_collect,call,COLLECT_01,0
h-00830,30043,2025-04-24,push_service,push,PUSH_ON,0
h-00831,30043,2025-05-19,push_credit,push,CC_LIMIT,0
h-00832,30043,2025-06-03,push_cashback,push,CASHBACK_5,0
h-00833,30043,2025-06-13,sms_refinance,sms,REFIN_12,0
h-00834,30043,2025-07-10,push_service,push,PUSH_ON,0
h-00835,30043,2025-07-18,push_credit,push,CC_LIMIT,0
h-00836,30043,2025-07-28,sms_refinance,sms,REFIN_12,0
h-00837,30043,2025-08-05,call_collect,call,COLLECT_01,0
h-00838,30043,2025-08-13,sms_cashback,sms,CASHBACK_5,1
h-00839,30043,2025-09-08,call_collect,call,COLLECT_01,0
h-00840,30043,2025-09-25,push_cashback,push,CASHBACK_5,1
h-00841,30043,2025-10-19,sms_refinance,sms,REFIN_12,0
h-00842,30043,2025-11-03,call_collect,call,COLLECT_01,0
h-00843,30043,2025-11-24,push_service,push,PUSH_ON,0
h-00844,30043,2025-12-09,sms_cashback,sms,CASHBACK_5,1
h-00845,30044,2025-01-28,sms_refinance,sms,REFIN_12,1
h-00846,30044,2025-02-11,push_cashback,push,CASHBACK_5,0
h-00847,30044,2025-03-08,push_service,push,PUSH_ON,1
h-00848,30044,2025-03-16,sms_refinance,sms,REFIN_12,0
h-00849,30044,2025-04-06,sms_refinance,sms,REFIN_12,0
h-00850,30044,2025-04-16,push_service,push,PUSH_ON,0
h-00851,30044,2025-05-14,push_cashback,push,CASHBACK_5,0
h-00852,30044,2025-05-28,push_credit,push,CC_LIMIT,0
h-00853,30044,2025-06-05,push_service,push,PUSH_ON,0
h-00854,30044,2025-06-17,push_cashback,push,CASHBACK_5,0
h-00855,30044,2025-07-10,sms_cashback,sms,CASHBACK_5,0
h-00856,30044,2025-08-02,call_collect,call,COLLECT_01,1
h-00857,30044,2025-08-13,email_cashback,email,CASHBACK_5,1
h-00858,30044,2025-09-06,call_collect,call,COLLECT_01,0
h-00859,30044,2025-09-17,email_cashback,email,CASHBACK_5,0
h-00860,30044,2025-10-10,push_credit,push,CC_LIMIT,0
h-00861,30044,2025-10-20,sms_refinance,sms,REFIN_12,0
h-00862,30044,2025-10-30,push_cashback,push,CASHBACK_5,0
h-00863,30044,2025-11-22,sms_cashback,sms,CASHBACK_5,0
h-00864,30044,2025-12-14,push_cashback,push,CASHBACK_5,1
h-00865,30044,2026-01-08,push_credit,push,CC_LIMIT,0
h-00866,30044,2026-01-29,sms_cashback,sms,CASHBACK_5,0
h-00867,30044,2026-02-12,push_service,push,PUSH_ON,0
h-00868,30044,2026-03-08,sms_cashback,sms,CASHBACK_5,0
h-00869,30044,2026-03-27,push_cashback,push,CASHBACK_5,1
h-00870,30044,2026-04-19,sms_cashback,sms,CASHBACK_5,0
h-00871,30045,2025-01-18,call_collect,call,COLLECT_01,0
h-00872,30045,2025-02-04,sms_cashback,sms,CASHBACK_5,1
h-00873,30045,2025-03-02,email_cashback,email,CASHBACK_5,0
h-00874,30045,2025-03-18,push_service,push,PUSH_ON,0
h-00875,30045,2025-04-01,push_credit,push,CC_LIMIT,0
h-00876,30045,2025-04-14,sms_refinance,sms,REFIN_12,0
h-00877,30045,2025-05-10,call_collect,call,COLLECT_01,0
h-00878,30045,2025-06-04,call_collect,call,COLLECT_01,0
h-00879,30045,2025-06-23,push_cashback,push,CASHBACK_5,0
h-00880,30045,2025-07-07,sms_cashback,sms,CASHBACK_5,0
h-00881,30045,2025-08-02,push_credit,push,CC_LIMIT,0
h-00882,30045,2025-08-30,call_collect,call,COLLECT_01,0
h-00883,30045,2025-09-09,push_service,push,PUSH_ON,0
h-00884,30045,2025-09-19,push_credit,push,CC_LIMIT,0
h-00885,30045,2025-10-01,call_collect,call,COLLECT_01,0
h-00886,30045,2025-10-29,sms_cashback,sms,CASHBACK_5,0
h-00887,30045,2025-11-10,push_service,push,PUSH_ON,0
h-00888,30045,2025-11-27,email_cashback,email,CASHBACK_5,0
h-00889,30045,2025-12-25,push_service,push,PUSH_ON,1
h-00890,30045,2026-01-14,sms_cashback,sms,CASHBACK_5,1
h-00891,30045,2026-01-31,sms_cashback,sms,CASHBACK_5,0
h-00892,30045,2026-02-25,push_service,push,PUSH_ON,1
h-00893,30046,2025-01-24,push_service,push,PUSH_ON,0
h-00894,30046,2025-02-13,push_cashback,push,CASHBACK_5,0
h-00895,30046,2025-03-08,push_cashback,push,CASHBACK_5,0
h-00896,30046,2025-04-01,call_collect,call,COLLECT_01,0
h-00897,30046,2025-04-14,sms_refinance,sms,REFIN_12,0
h-00898,30046,2025-05-11,push_cashback,push,CASHBACK_5,0
h-00899,30046,2025-05-19,call_collect,call,COLLECT_01,0
h-00900,30046,2025-06-02,push_cashback,push,CASHBACK_5,0
h-00901,30046,2025-06-11,sms_cashback,sms,CASHBACK_5,0
h-00902,30046,2025-07-01,push_credit,push,CC_LIMIT,0
h-00903,30046,2025-07-26,push_service,push,PUSH_ON,0
h-00904,30046,2025-08-13,push_cashback,push,CASHBACK_5,0
h-00905,30046,2025-08-30,sms_refinance,sms,REFIN_12,1
h-00906,30046,2025-09-19,call_collect,call,COLLECT_01,0
h-00907,30046,2025-10-05,call_collect,call,COLLECT_01,0
h-00908,30047,2025-01-16,call_collect,call,COLLECT_01,0
h-00909,30047,2025-02-11,call_collect,call,COLLECT_01,0
h-00910,30047,2025-02-21,call_collect,call,COLLECT_01,0
h-00911,30047,2025-03-14,push_cashback,push,CASHBACK_5,0
h-00912,30047,2025-04-04,sms_refinance,sms,REFIN_12,0
h-00913,30047,2025-04-16,push_cashback,push,CASHBACK_5,0
h-00914,30047,2025-04-29,push_cashback,push,CASHBACK_5,0
h-00915,30047,2025-05-23,push_service,push,PUSH_ON,1
h-00916,30047,2025-06-05,email_cashback,email,CASHBACK_5,0
h-00917,30047,2025-06-22,push_service,push,PUSH_ON,0
h-00918,30047,2025-07-12,push_service,push,PUSH_ON,1
h-00919,30047,2025-07-24,push_credit,push,CC_LIMIT,0
h-00920,30047,2025-08-01,sms_cashback,sms,CASHBACK_5,1
h-00921,30047,2025-08-26,sms_cashback,sms,CASHBACK_5,1
h-00922,30047,2025-09-12,email_cashback,email,CASHBACK_5,0
h-00923,30047,2025-10-10,push_cashback,push,CASHBACK_5,0
h-00924,30047,2025-10-26,sms_cashback,sms,CASHBACK_5,0
h-00925,30047,2025-11-05,sms_refinance,sms,REFIN_12,0
h-00926,30047,2025-11-19,sms_cashback,sms,CASHBACK_5,0
h-00927,30047,2025-12-06,email_cashback,email,CASHBACK_5,0
h-00928,30047,2025-12-21,email_cashback,email,CASHBACK_5,0
h-00929,30047,2026-01-15,push_cashback,push,CASHBACK_5,0
h-00930,30047,2026-02-01,sms_cashback,sms,CASHBACK_5,1
h-00931,30047,2026-02-20,push_service,push,PUSH_ON,0
h-00932,30047,2026-03-10,call_collect,call,COLLECT_01,0
h-00933,30048,2025-01-13,sms_refinance,sms,REFIN_12,0
h-00934,30048,2025-02-01,sms_refinance,sms,REFIN_12,0
h-00935,30048,2025-02-18,sms_cashback,sms,CASHBACK_5,0
h-00936,30048,2025-03-04,sms_cashback,sms,CASHBACK_5,0
h-00937,30048,2025-03-26,sms_cashback,sms,CASHBACK_5,0
h-00938,30048,2025-04-22,push_service,push,PUSH_ON,1
h-00939,30048,2025-05-15,call_collect,call,COLLECT_01,1
h-00940,30048,2025-05-24,push_cashback,push,CASHBACK_5,0
h-00941,30048,2025-06-20,push_service,push,PUSH_ON,1
h-00942,30048,2025-07-04,call_collect,call,COLLECT_01,0
h-00943,30048,2025-07-21,call_collect,call,COLLECT_01,0
h-00944,30048,2025-08-15,push_service,push,PUSH_ON,1
h-00945,30048,2025-09-04,email_cashback,email,CASHBACK_5,0
h-00946,30048,2025-09-28,push_credit,push,CC_LIMIT,0
h-00947,30048,2025-10-21,sms_refinance,sms,REFIN_12,0
h-00948,30048,2025-11-17,push_service,push,PUSH_ON,1
h-00949,30048,2025-11-29,sms_cashback,sms,CASHBACK_5,0
h-00950,30048,2025-12-26,push_service,push,PUSH_ON,0
h-00951,30048,2026-01-20,sms_refinance,sms,REFIN_12,0
h-00952,30048,2026-02-14,push_credit,push,CC_LIMIT,0
h-00953,30048,2026-03-09,push_credit,push,CC_LIMIT,0
h-00954,30049,2025-02-01,sms_cashback,sms,CASHBACK_5,0
h-00955,30049,2025-02-26,sms_refinance,sms,REFIN_12,0
h-00956,30049,2025-03-23,call_collect,call,COLLECT_01,0
h-00957,30049,2025-04-10,push_service,push,PUSH_ON,0
h-00958,30049,2025-04-23,sms_cashback,sms,CASHBACK_5,0
h-00959,30049,2025-05-18,email_cashback,email,CASHBACK_5,0
h-00960,30049,2025-06-08,sms_cashback,sms,CASHBACK_5,0
h-00961,30049,2025-06-21,push_cashback,push,CASHBACK_5,0
h-00962,30049,2025-07-18,sms_cashback,sms,CASHBACK_5,0
h-00963,30049,2025-08-04,push_service,push,PUSH_ON,0
h-00964,30049,2025-08-21,push_service,push,PUSH_ON,1
h-00965,30049,2025-09-14,push_credit,push,CC_LIMIT,0
h-00966,30049,2025-10-07,push_cashback,push,CASHBACK_5,0
h-00967,30050,2025-01-30,push_credit,push,CC_LIMIT,0
h-00968,30050,2025-02-24,sms_refinance,sms,REFIN_12,0
h-00969,30050,2025-03-12,call_collect,call,COLLECT_01,0
h-00970,30050,2025-04-06,call_collect,call,COLLECT_01,0
h-00971,30050,2025-04-30,push_credit,push,CC_LIMIT,0
h-00972,30050,2025-05-11,sms_refinance,sms,REFIN_12,0
h-00973,30050,2025-05-25,call_collect,call,COLLECT_01,1
h-00974,30050,2025-06-14,sms_refinance,sms,REFIN_12,0
h-00975,30050,2025-07-11,push_credit,push,CC_LIMIT,0
h-00976,30050,2025-07-29,sms_refinance,sms,REFIN_12,1
h-00977,30050,2025-08-23,sms_refinance,sms,REFIN_12,0
h-00978,30050,2025-09-01,push_credit,push,CC_LIMIT,0
h-00979,30050,2025-09-12,sms_refinance,sms,REFIN_12,0
h-00980,30050,2025-10-09,push_cashback,push,CASHBACK_5,0
h-00981,30050,2025-11-03,push_credit,push,CC_LIMIT,0
h-00982,30051,2025-01-31,push_cashback,push,CASHBACK_5,1
h-00983,30051,2025-02-10,sms_cashback,sms,CASHBACK_5,0
h-00984,30051,2025-03-08,push_cashback,push,CASHBACK_5,0
h-00985,30051,2025-03-22,push_cashback,push,CASHBACK_5,0
h-00986,30051,2025-04-14,call_collect,call,COLLECT_01,0
h-00987,30051,2025-04-24,push_credit,push,CC_LIMIT,0
h-00988,30051,2025-05-12,push_credit,push,CC_LIMIT,0
h-00989,30051,2025-06-04,sms_refinance,sms,REFIN_12,0
h-00990,30051,2025-06-13,email_cashback,email,CASHBACK_5,0
h-00991,30051,2025-07-02,call_collect,call,COLLECT_01,0
h-00992,30051,2025-07-16,push_cashback,push,CASHBACK_5,1
h-00993,30051,2025-08-02,sms_refinance,sms,REFIN_12,1
h-00994,30051,2025-08-22,call_collect,call,COLLECT_01,0
h-00995,30051,2025-09-14,push_service,push,PUSH_ON,0
h-00996,30051,2025-10-07,push_cashback,push,CASHBACK_5,0
h-00997,30051,2025-10-29,email_cashback,email,CASHBACK_5,0
h-00998,30051,2025-11-24,push_service,push,PUSH_ON,1
h-00999,30051,2025-12-13,push_cashback,push,CASHBACK_5,1
h-01000,30051,2026-01-08,push_service,push,PUSH_ON,0
h-01001,30051,2026-01-27,sms_cashback,sms,CASHBACK_5,0
h-01002,30051,2026-02-22,push_credit,push,CC_LIMIT,0
h-01003,30051,2026-03-03,push_cashback,push,CASHBACK_5,0
h-01004,30051,2026-03-20,push_credit,push,CC_LIMIT,0
h-01005,30052,2025-01-27,push_cashback,push,CASHBACK_5,0
h-01006,30052,2025-02-22,sms_cashback,sms,CASHBACK_5,1
h-01007,30052,2025-03-10,call_collect,call,COLLECT_01,0
h-01008,30052,2025-03-27,sms_refinance,sms,REFIN_12,0
h-01009,30052,2025-04-16,push_credit,push,CC_LIMIT,0
h-01010,30052,2025-05-11,push_cashback,push,CASHBACK_5,0
h-01011,30052,2025-06-06,push_service,push,PUSH_ON,0
h-01012,30052,2025-06-15,sms_refinance,sms,REFIN_12,0
h-01013,30052,2025-06-27,sms_cashback,sms,CASHBACK_5,0
h-01014,30052,2025-07-12,sms_refinance,sms,REFIN_12,0
h-01015,30052,2025-08-02,push_service,push,PUSH_ON,1
h-01016,30052,2025-08-24,push_service,push,PUSH_ON,0
h-01017,30052,2025-09-01,call_collect,call,COLLECT_01,0
h-01018,30052,2025-09-29,push_credit,push,CC_LIMIT,0
h-01019,30052,2025-10-20,sms_refinance,sms,REFIN_12,0
h-01020,30052,2025-11-11,email_cashback,email,CASHBACK_5,0
h-01021,30052,2025-11-28,push_service,push,PUSH_ON,1
h-01022,30052,2025-12-19,push_service,push,PUSH_ON,1
h-01023,30053,2025-01-15,call_collect,call,COLLECT_01,0
h-01024,30053,2025-02-11,call_collect,call,COLLECT_01,0
h-01025,30053,2025-02-19,push_credit,push,CC_LIMIT,0
h-01026,30053,2025-03-19,push_cashback,push,CASHBACK_5,0
h-01027,30053,2025-04-09,push_credit,push,CC_LIMIT,0
h-01028,30053,2025-05-06,call_collect,call,COLLECT_01,0
h-01029,30053,2025-05-31,push_service,push,PUSH_ON,0
h-01030,30053,2025-06-14,push_service,push,PUSH_ON,1
h-01031,30053,2025-06-22,push_credit,push,CC_LIMIT,1
h-01032,30053,2025-07-17,sms_cashback,sms,CASHBACK_5,0
h-01033,30053,2025-08-06,call_collect,call,COLLECT_01,0
h-01034,30053,2025-08-19,push_cashback,push,CASHBACK_5,0
h-01035,30053,2025-08-30,sms_refinance,sms,REFIN_12,0
h-01036,30053,2025-09-19,push_credit,push,CC_LIMIT,0
h-01037,30053,2025-10-08,push_service,push,PUSH_ON,1
h-01038,30053,2025-10-24,sms_refinance,sms,REFIN_12,0
h-01039,30053,2025-11-01,push_service,push,PUSH_ON,0
h-01040,30053,2025-11-21,push_cashback,push,CASHBACK_5,0
h-01041,30053,2025-12-15,push_service,push,PUSH_ON,0
h-01042,30053,2025-12-26,email_cashback,email,CASHBACK_5,0
h-01043,30053,2026-01-12,email_cashback,email,CASHBACK_5,1
h-01044,30053,2026-02-07,push_cashback,push,CASHBACK_5,0
h-01045,30053,2026-02-22,push_service,push,PUSH_ON,1
h-01046,30053,2026-03-14,call_collect,call,COLLECT_01,0
h-01047,30053,2026-03-23,push_credit,push,CC_LIMIT,0
h-01048,30054,2025-01-15,sms_cashback,sms,CASHBACK_5,0
h-01049,30054,2025-02-06,call_collect,call,COLLECT_01,0
h-01050,30054,2025-02-22,push_credit,push,CC_LIMIT,0
h-01051,30054,2025-03-05,push_service,push,PUSH_ON,0
h-01052,30054,2025-03-26,email_cashback,email,CASHBACK_5,0
h-01053,30054,2025-04-16,email_cashback,email,CASHBACK_5,0
h-01054,30054,2025-05-13,sms_cashback,sms,CASHBACK_5,0
h-01055,30054,2025-06-04,email_cashback,email,CASHBACK_5,0
h-01056,30054,2025-06-29,push_cashback,push,CASHBACK_5,0
h-01057,30054,2025-07-27,push_service,push,PUSH_ON,0
h-01058,30054,2025-08-17,push_service,push,PUSH_ON,0
h-01059,30054,2025-09-10,push_service,push,PUSH_ON,0
h-01060,30054,2025-09-20,sms_refinance,sms,REFIN_12,0
h-01061,30054,2025-10-01,call_collect,call,COLLECT_01,0
h-01062,30054,2025-10-29,push_service,push,PUSH_ON,1
h-01063,30054,2025-11-12,push_credit,push,CC_LIMIT,0
h-01064,30054,2025-11-26,push_cashback,push,CASHBACK_5,1
h-01065,30054,2025-12-08,sms_refinance,sms,REFIN_12,1
h-01066,30054,2026-01-05,push_cashback,push,CASHBACK_5,0
h-01067,30054,2026-01-28,email_cashback,email,CASHBACK_5,0
h-01068,30054,2026-02-22,sms_cashback,sms,CASHBACK_5,0
h-01069,30054,2026-03-07,push_credit,push,CC_LIMIT,1
h-01070,30054,2026-03-30,push_service,push,PUSH_ON,0
h-01071,30054,2026-04-07,email_cashback,email,CASHBACK_5,0
h-01072,30055,2025-01-19,sms_cashback,sms,CASHBACK_5,0
h-01073,30055,2025-02-05,call_collect,call,COLLECT_01,0
h-01074,30055,2025-03-04,call_collect,call,COLLECT_01,0
h-01075,30055,2025-03-31,call_collect,call,COLLECT_01,0
h-01076,30055,2025-04-12,sms_cashback,sms,CASHBACK_5,0
h-01077,30055,2025-05-03,email_cashback,email,CASHBACK_5,0
h-01078,30055,2025-05-21,call_collect,call,COLLECT_01,0
h-01079,30055,2025-06-14,push_service,push,PUSH_ON,1
h-01080,30055,2025-07-01,push_service,push,PUSH_ON,0
h-01081,30055,2025-07-20,push_cashback,push,CASHBACK_5,0
h-01082,30055,2025-08-01,push_service,push,PUSH_ON,0
h-01083,30055,2025-08-25,sms_cashback,sms,CASHBACK_5,0
h-01084,30055,2025-09-12,call_collect,call,COLLECT_01,0
h-01085,30055,2025-09-20,sms_refinance,sms,REFIN_12,0
h-01086,30055,2025-10-11,push_credit,push,CC_LIMIT,0
h-01087,30055,2025-10-19,push_credit,push,CC_LIMIT,0
h-01088,30055,2025-11-07,email_cashback,email,CASHBACK_5,0
h-01089,30055,2025-11-29,sms_refinance,sms,REFIN_12,0
h-01090,30055,2025-12-15,push_credit,push,CC_LIMIT,1
h-01091,30055,2025-12-25,email_cashback,email,CASHBACK_5,0
h-01092,30055,2026-01-21,email_cashback,email,CASHBACK_5,1
h-01093,30056,2025-01-31,push_cashback,push,CASHBACK_5,0
h-01094,30056,2025-02-27,push_credit,push,CC_LIMIT,0
h-01095,30056,2025-03-11,push_credit,push,CC_LIMIT,0
h-01096,30056,2025-03-21,push_service,push,PUSH_ON,0
h-01097,30056,2025-04-08,sms_refinance,sms,REFIN_12,0
h-01098,30056,2025-05-04,sms_cashback,sms,CASHBACK_5,0
h-01099,30056,2025-05-14,sms_refinance,sms,REFIN_12,0
h-01100,30056,2025-05-23,sms_cashback,sms,CASHBACK_5,0
h-01101,30056,2025-06-10,push_service,push,PUSH_ON,0
h-01102,30056,2025-06-30,call_collect,call,COLLECT_01,0
h-01103,30056,2025-07-24,push_cashback,push,CASHBACK_5,0
h-01104,30056,2025-08-16,push_service,push,PUSH_ON,1
h-01105,30056,2025-08-29,push_cashback,push,CASHBACK_5,1
h-01106,30056,2025-09-20,push_cashback,push,CASHBACK_5,0
h-01107,30056,2025-10-10,push_cashback,push,CASHBACK_5,0
h-01108,30056,2025-11-04,push_cashback,push,CASHBACK_5,0
h-01109,30056,2025-11-14,call_collect,call,COLLECT_01,1
h-01110,30056,2025-11-28,sms_cashback,sms,CASHBACK_5,0
h-01111,30057,2025-01-22,sms_refinance,sms,REFIN_12,0
h-01112,30057,2025-02-18,email_cashback,email,CASHBACK_5,0
h-01113,30057,2025-03-02,call_collect,call,COLLECT_01,0
h-01114,30057,2025-03-15,sms_cashback,sms,CASHBACK_5,1
h-01115,30057,2025-04-09,push_credit,push,CC_LIMIT,0
h-01116,30057,2025-05-06,push_credit,push,CC_LIMIT,0
h-01117,30057,2025-05-22,push_credit,push,CC_LIMIT,0
h-01118,30057,2025-06-14,push_service,push,PUSH_ON,1
h-01119,30057,2025-07-08,push_credit,push,CC_LIMIT,0
h-01120,30057,2025-07-16,sms_cashback,sms,CASHBACK_5,0
h-01121,30057,2025-07-29,sms_refinance,sms,REFIN_12,0
h-01122,30057,2025-08-22,push_credit,push,CC_LIMIT,1
h-01123,30057,2025-09-17,sms_cashback,sms,CASHBACK_5,0
h-01124,30057,2025-09-30,push_credit,push,CC_LIMIT,0
h-01125,30057,2025-10-20,call_collect,call,COLLECT_01,0
h-01126,30057,2025-10-30,push_service,push,PUSH_ON,0
h-01127,30057,2025-11-09,push_cashback,push,CASHBACK_5,0
h-01128,30057,2025-12-01,push_credit,push,CC_LIMIT,0
h-01129,30057,2025-12-27,sms_refinance,sms,REFIN_12,0
h-01130,30058,2025-01-16,push_cashback,push,CASHBACK_5,0
h-01131,30058,2025-02-08,call_collect,call,COLLECT_01,1
h-01132,30058,2025-02-17,push_cashback,push,CASHBACK_5,0
h-01133,30058,2025-03-10,push_service,push,PUSH_ON,0
h-01134,30058,2025-03-21,push_service,push,PUSH_ON,0
h-01135,30058,2025-04-18,sms_cashback,sms,CASHBACK_5,1
h-01136,30058,2025-04-27,sms_cashback,sms,CASHBACK_5,0
h-01137,30058,2025-05-10,push_cashback,push,CASHBACK_5,0
h-01138,30058,2025-05-18,sms_refinance,sms,REFIN_12,0
h-01139,30058,2025-05-27,sms_refinance,sms,REFIN_12,0
h-01140,30058,2025-06-14,sms_refinance,sms,REFIN_12,0
h-01141,30058,2025-06-26,email_cashback,email,CASHBACK_5,0
h-01142,30058,2025-07-15,sms_refinance,sms,REFIN_12,0
h-01143,30058,2025-07-23,push_cashback,push,CASHBACK_5,0
h-01144,30059,2025-01-21,email_cashback,email,CASHBACK_5,0
h-01145,30059,2025-02-18,push_service,push,PUSH_ON,1
h-01146,30059,2025-03-05,sms_cashback,sms,CASHBACK_5,0
h-01147,30059,2025-03-13,push_cashback,push,CASHBACK_5,0
h-01148,30059,2025-03-28,sms_refinance,sms,REFIN_12,0
h-01149,30059,2025-04-12,push_cashback,push,CASHBACK_5,0
h-01150,30059,2025-04-30,push_cashback,push,CASHBACK_5,0
h-01151,30059,2025-05-22,sms_cashback,sms,CASHBACK_5,0
h-01152,30059,2025-06-08,sms_cashback,sms,CASHBACK_5,0
h-01153,30059,2025-06-24,email_cashback,email,CASHBACK_5,0
h-01154,30059,2025-07-15,push_cashback,push,CASHBACK_5,0
h-01155,30059,2025-08-10,sms_cashback,sms,CASHBACK_5,0
h-01156,30060,2025-01-29,push_cashback,push,CASHBACK_5,1
h-01157,30060,2025-02-09,push_cashback,push,CASHBACK_5,1
h-01158,30060,2025-02-22,push_cashback,push,CASHBACK_5,1
h-01159,30060,2025-03-09,push_cashback,push,CASHBACK_5,0
h-01160,30060,2025-03-28,call_collect,call,COLLECT_01,0
h-01161,30060,2025-04-17,push_service,push,PUSH_ON,0
h-01162,30060,2025-05-06,email_cashback,email,CASHBACK_5,0
h-01163,30060,2025-05-30,sms_cashback,sms,CASHBACK_5,0
h-01164,30060,2025-06-15,push_service,push,PUSH_ON,0
h-01165,30060,2025-07-13,email_cashback,email,CASHBACK_5,0
h-01166,30060,2025-08-01,sms_cashback,sms,CASHBACK_5,0
h-01167,30060,2025-08-11,call_collect,call,COLLECT_01,1
h-01168,30060,2025-09-04,sms_refinance,sms,REFIN_12,0
h-01169,30060,2025-09-27,push_service,push,PUSH_ON,1
h-01170,30060,2025-10-23,sms_cashback,sms,CASHBACK_5,0
h-01171,30060,2025-11-01,email_cashback,email,CASHBACK_5,0
h-01172,30060,2025-11-11,sms_refinance,sms,REFIN_12,0
h-01173,30060,2025-12-05,call_collect,call,COLLECT_01,0
h-01174,30060,2025-12-13,push_cashback,push,CASHBACK_5,1
h-01175,30060,2026-01-01,sms_cashback,sms,CASHBACK_5,1
h-01176,30060,2026-01-09,push_cashback,push,CASHBACK_5,0
h-01177,30060,2026-01-17,call_collect,call,COLLECT_01,1
h-01178,30060,2026-02-05,push_credit,push,CC_LIMIT,0
h-01179,30061,2025-01-25,push_credit,push,CC_LIMIT,0
h-01180,30061,2025-02-14,call_collect,call,COLLECT_01,0
h-01181,30061,2025-03-03,push_cashback,push,CASHBACK_5,0
h-01182,30061,2025-03-24,push_cashback,push,CASHBACK_5,0
h-01183,30061,2025-04-08,push_cashback,push,CASHBACK_5,0
h-01184,30061,2025-04-21,email_cashback,email,CASHBACK_5,0
h-01185,30061,2025-05-14,sms_cashback,sms,CASHBACK_5,0
h-01186,30061,2025-06-06,push_service,push,PUSH_ON,0
h-01187,30061,2025-06-18,sms_cashback,sms,CASHBACK_5,0
h-01188,30061,2025-07-16,email_cashback,email,CASHBACK_5,0
h-01189,30061,2025-08-11,email_cashback,email,CASHBACK_5,0
h-01190,30061,2025-08-29,sms_cashback,sms,CASHBACK_5,0
h-01191,30061,2025-09-25,push_service,push,PUSH_ON,1
h-01192,30061,2025-10-22,sms_refinance,sms,REFIN_12,0
h-01193,30062,2025-01-17,sms_cashback,sms,CASHBACK_5,0
h-01194,30062,2025-02-13,push_service,push,PUSH_ON,0
h-01195,30062,2025-03-09,call_collect,call,COLLECT_01,0
h-01196,30062,2025-04-01,sms_refinance,sms,REFIN_12,0
h-01197,30062,2025-04-29,push_service,push,PUSH_ON,0
h-01198,30062,2025-05-15,call_collect,call,COLLECT_01,0
h-01199,30062,2025-05-26,push_credit,push,CC_LIMIT,0
h-01200,30062,2025-06-10,push_cashback,push,CASHBACK_5,1
h-01201,30062,2025-06-23,push_service,push,PUSH_ON,1
h-01202,30062,2025-07-05,sms_refinance,sms,REFIN_12,0
h-01203,30062,2025-07-16,call_collect,call,COLLECT_01,0
h-01204,30062,2025-08-03,sms_cashback,sms,CASHBACK_5,0
h-01205,30062,2025-08-17,push_credit,push,CC_LIMIT,0
h-01206,30062,2025-09-12,email_cashback,email,CASHBACK_5,0
h-01207,30062,2025-10-09,push_service,push,PUSH_ON,1
h-01208,30062,2025-11-03,email_cashback,email,CASHBACK_5,0
h-01209,30062,2025-11-16,push_service,push,PUSH_ON,0
h-01210,30062,2025-11-25,sms_cashback,sms,CASHBACK_5,0
h-01211,30062,2025-12-03,push_cashback,push,CASHBACK_5,0
h-01212,30062,2025-12-23,sms_cashback,sms,CASHBACK_5,0
h-01213,30062,2026-01-14,push_credit,push,CC_LIMIT,0
h-01214,30062,2026-02-10,push_service,push,PUSH_ON,1
h-01215,30062,2026-03-04,push_service,push,PUSH_ON,0
h-01216,30062,2026-03-17,call_collect,call,COLLECT_01,0
h-01217,30063,2025-01-26,email_cashback,email,CASHBACK_5,0
h-01218,30063,2025-02-22,call_collect,call,COLLECT_01,0
h-01219,30063,2025-03-08,email_cashback,email,CASHBACK_5,0
h-01220,30063,2025-04-04,push_credit,push,CC_LIMIT,0
h-01221,30063,2025-04-30,push_credit,push,CC_LIMIT,0
h-01222,30063,2025-05-17,push_service,push,PUSH_ON,0
h-01223,30063,2025-06-02,call_collect,call,COLLECT_01,0
h-01224,30063,2025-06-23,sms_refinance,sms,REFIN_12,0
h-01225,30063,2025-07-04,push_cashback,push,CASHBACK_5,1
h-01226,30063,2025-07-30,push_service,push,PUSH_ON,1
h-01227,30063,2025-08-08,push_service,push,PUSH_ON,1
h-01228,30063,2025-08-30,call_collect,call,COLLECT_01,0
h-01229,30063,2025-09-17,push_service,push,PUSH_ON,0
h-01230,30064,2025-02-02,push_service,push,PUSH_ON,1
h-01231,30064,2025-02-13,sms_cashback,sms,CASHBACK_5,0
h-01232,30064,2025-03-13,email_cashback,email,CASHBACK_5,0
h-01233,30064,2025-03-30,push_service,push,PUSH_ON,0
h-01234,30064,2025-04-25,push_credit,push,CC_LIMIT,0
h-01235,30064,2025-05-15,sms_cashback,sms,CASHBACK_5,1
h-01236,30064,2025-06-06,push_service,push,PUSH_ON,0
h-01237,30064,2025-06-15,push_cashback,push,CASHBACK_5,0
h-01238,30064,2025-07-05,sms_cashback,sms,CASHBACK_5,0
h-01239,30064,2025-07-20,sms_refinance,sms,REFIN_12,0
h-01240,30064,2025-08-17,push_credit,push,CC_LIMIT,0
h-01241,30064,2025-09-09,push_cashback,push,CASHBACK_5,1
h-01242,30064,2025-09-19,sms_refinance,sms,REFIN_12,0
h-01243,30064,2025-09-27,push_service,push,PUSH_ON,1
h-01244,30064,2025-10-08,push_cashback,push,CASHBACK_5,0
h-01245,30064,2025-10-29,call_collect,call,COLLECT_01,0
h-01246,30064,2025-11-17,push_credit,push,CC_LIMIT,0
h-01247,30064,2025-12-15,email_cashback,email,CASHBACK_5,0
h-01248,30064,2025-12-31,email_cashback,email,CASHBACK_5,0
h-01249,30064,2026-01-27,email_cashback,email,CASHBACK_5,0
h-01250,30065,2025-01-20,call_collect,call,COLLECT_01,0
h-01251,30065,2025-02-16,call_collect,call,COLLECT_01,0
h-01252,30065,2025-03-08,sms_cashback,sms,CASHBACK_5,0
h-01253,30065,2025-04-01,push_credit,push,CC_LIMIT,0
h-01254,30065,2025-04-24,sms_refinance,sms,REFIN_12,0
h-01255,30065,2025-05-06,push_credit,push,CC_LIMIT,0
h-01256,30065,2025-05-31,push_credit,push,CC_LIMIT,0
h-01257,30065,2025-06-18,sms_cashback,sms,CASHBACK_5,0
h-01258,30065,2025-07-01,push_service,push,PUSH_ON,1
h-01259,30065,2025-07-15,email_cashback,email,CASHBACK_5,0
h-01260,30065,2025-08-12,sms_cashback,sms,CASHBACK_5,0
h-01261,30065,2025-08-20,push_service,push,PUSH_ON,1
h-01262,30065,2025-09-01,push_cashback,push,CASHBACK_5,0
h-01263,30065,2025-09-18,sms_cashback,sms,CASHBACK_5,0
h-01264,30065,2025-10-15,call_collect,call,COLLECT_01,0
h-01265,30065,2025-11-10,push_service,push,PUSH_ON,0
h-01266,30065,2025-11-21,push_service,push,PUSH_ON,0
h-01267,30065,2025-12-02,sms_cashback,sms,CASHBACK_5,0
h-01268,30066,2025-02-02,call_collect,call,COLLECT_01,0
h-01269,30066,2025-02-20,call_collect,call,COLLECT_01,0
h-01270,30066,2025-03-15,sms_refinance,sms,REFIN_12,0
h-01271,30066,2025-04-06,sms_refinance,sms,REFIN_12,1
h-01272,30066,2025-04-24,push_credit,push,CC_LIMIT,0
h-01273,30066,2025-05-02,email_cashback,email,CASHBACK_5,0
h-01274,30066,2025-05-16,push_credit,push,CC_LIMIT,0
h-01275,30066,2025-05-25,push_service,push,PUSH_ON,1
h-01276,30066,2025-06-14,push_cashback,push,CASHBACK_5,0
h-01277,30066,2025-06-29,email_cashback,email,CASHBACK_5,0
h-01278,30066,2025-07-09,sms_cashback,sms,CASHBACK_5,0
h-01279,30066,2025-07-26,push_cashback,push,CASHBACK_5,0
h-01280,30066,2025-08-16,sms_cashback,sms,CASHBACK_5,0
h-01281,30067,2025-01-17,email_cashback,email,CASHBACK_5,0
h-01282,30067,2025-01-27,email_cashback,email,CASHBACK_5,0
h-01283,30067,2025-02-18,call_collect,call,COLLECT_01,0
h-01284,30067,2025-03-12,sms_refinance,sms,REFIN_12,0
h-01285,30067,2025-04-09,call_collect,call,COLLECT_01,0
h-01286,30067,2025-04-17,push_service,push,PUSH_ON,0
h-01287,30067,2025-04-30,sms_refinance,sms,REFIN_12,0
h-01288,30067,2025-05-08,push_cashback,push,CASHBACK_5,0
h-01289,30067,2025-05-19,push_credit,push,CC_LIMIT,0
h-01290,30067,2025-06-07,push_cashback,push,CASHBACK_5,0
h-01291,30067,2025-06-23,push_service,push,PUSH_ON,0
h-01292,30067,2025-07-14,push_credit,push,CC_LIMIT,0
h-01293,30067,2025-07-28,sms_refinance,sms,REFIN_12,0
h-01294,30067,2025-08-20,call_collect,call,COLLECT_01,0
h-01295,30068,2025-02-02,sms_refinance,sms,REFIN_12,0
h-01296,30068,2025-02-14,email_cashback,email,CASHBACK_5,0
h-01297,30068,2025-03-14,sms_cashback,sms,CASHBACK_5,0
h-01298,30068,2025-04-04,push_credit,push,CC_LIMIT,0
h-01299,30068,2025-04-27,sms_refinance,sms,REFIN_12,0
h-01300,30068,2025-05-13,push_cashback,push,CASHBACK_5,0
h-01301,30068,2025-05-31,push_service,push,PUSH_ON,0
h-01302,30068,2025-06-10,push_service,push,PUSH_ON,0
h-01303,30068,2025-06-23,push_cashback,push,CASHBACK_5,1
h-01304,30068,2025-07-11,email_cashback,email,CASHBACK_5,0
h-01305,30068,2025-07-23,call_collect,call,COLLECT_01,0
h-01306,30068,2025-08-04,sms_cashback,sms,CASHBACK_5,0
h-01307,30068,2025-08-26,push_service,push,PUSH_ON,1
h-01308,30068,2025-09-10,push_service,push,PUSH_ON,1
h-01309,30068,2025-09-21,call_collect,call,COLLECT_01,0
h-01310,30069,2025-01-29,sms_refinance,sms,REFIN_12,0
h-01311,30069,2025-02-17,push_service,push,PUSH_ON,0
h-01312,30069,2025-03-12,push_cashback,push,CASHBACK_5,0
h-01313,30069,2025-03-27,push_service,push,PUSH_ON,1
h-01314,30069,2025-04-16,push_cashback,push,CASHBACK_5,1
h-01315,30069,2025-05-11,push_service,push,PUSH_ON,1
h-01316,30069,2025-05-29,push_service,push,PUSH_ON,1
h-01317,30069,2025-06-06,sms_cashback,sms,CASHBACK_5,0
h-01318,30069,2025-06-16,email_cashback,email,CASHBACK_5,0
h-01319,30069,2025-07-04,push_cashback,push,CASHBACK_5,1
h-01320,30069,2025-07-28,sms_refinance,sms,REFIN_12,0
h-01321,30069,2025-08-22,push_service,push,PUSH_ON,0
h-01322,30069,2025-09-10,email_cashback,email,CASHBACK_5,1
h-01323,30069,2025-10-04,sms_cashback,sms,CASHBACK_5,0
h-01324,30069,2025-10-21,sms_cashback,sms,CASHBACK_5,0
h-01325,30069,2025-11-01,push_cashback,push,CASHBACK_5,1
h-01326,30069,2025-11-10,sms_cashback,sms,CASHBACK_5,0
h-01327,30069,2025-12-06,call_collect,call,COLLECT_01,0
h-01328,30069,2025-12-21,push_credit,push,CC_LIMIT,1
h-01329,30070,2025-01-29,email_cashback,email,CASHBACK_5,0
h-01330,30070,2025-02-14,email_cashback,email,CASHBACK_5,0
h-01331,30070,2025-02-25,sms_cashback,sms,CASHBACK_5,0
h-01332,30070,2025-03-10,push_cashback,push,CASHBACK_5,1
h-01333,30070,2025-03-27,sms_cashback,sms,CASHBACK_5,0
h-01334,30070,2025-04-24,sms_refinance,sms,REFIN_12,0
h-01335,30070,2025-05-11,push_cashback,push,CASHBACK_5,0
h-01336,30070,2025-05-25,push_cashback,push,CASHBACK_5,0
h-01337,30070,2025-06-13,push_credit,push,CC_LIMIT,0
h-01338,30070,2025-06-22,push_cashback,push,CASHBACK_5,0
h-01339,30070,2025-07-15,call_collect,call,COLLECT_01,0
h-01340,30070,2025-08-10,push_service,push,PUSH_ON,1
h-01341,30070,2025-09-06,push_service,push,PUSH_ON,0
h-01342,30071,2025-01-17,push_credit,push,CC_LIMIT,0
h-01343,30071,2025-02-13,push_cashback,push,CASHBACK_5,0
h-01344,30071,2025-03-11,sms_refinance,sms,REFIN_12,0
h-01345,30071,2025-03-24,sms_cashback,sms,CASHBACK_5,1
h-01346,30071,2025-04-09,sms_cashback,sms,CASHBACK_5,0
h-01347,30071,2025-04-22,sms_refinance,sms,REFIN_12,0
h-01348,30071,2025-05-13,push_cashback,push,CASHBACK_5,1
h-01349,30071,2025-06-07,push_credit,push,CC_LIMIT,0
h-01350,30071,2025-06-30,push_cashback,push,CASHBACK_5,0
h-01351,30071,2025-07-11,sms_refinance,sms,REFIN_12,0
h-01352,30071,2025-08-07,push_service,push,PUSH_ON,0
h-01353,30071,2025-09-01,email_cashback,email,CASHBACK_5,0
h-01354,30071,2025-09-22,push_cashback,push,CASHBACK_5,0
h-01355,30072,2025-01-30,email_cashback,email,CASHBACK_5,0
h-01356,30072,2025-02-25,email_cashback,email,CASHBACK_5,0
h-01357,30072,2025-03-21,email_cashback,email,CASHBACK_5,0
h-01358,30072,2025-04-18,email_cashback,email,CASHBACK_5,0
h-01359,30072,2025-04-30,push_service,push,PUSH_ON,1
h-01360,30072,2025-05-27,push_cashback,push,CASHBACK_5,0
h-01361,30072,2025-06-23,push_cashback,push,CASHBACK_5,0
h-01362,30072,2025-07-03,push_cashback,push,CASHBACK_5,0
h-01363,30072,2025-07-29,push_service,push,PUSH_ON,0
h-01364,30072,2025-08-11,sms_refinance,sms,REFIN_12,0
h-01365,30072,2025-08-28,push_cashback,push,CASHBACK_5,0
h-01366,30072,2025-09-20,email_cashback,email,CASHBACK_5,0
h-01367,30072,2025-10-07,call_collect,call,COLLECT_01,0
h-01368,30072,2025-10-28,push_service,push,PUSH_ON,0
h-01369,30072,2025-11-19,sms_refinance,sms,REFIN_12,1
h-01370,30072,2025-12-14,push_credit,push,CC_LIMIT,0
h-01371,30072,2026-01-01,push_service,push,PUSH_ON,0
h-01372,30072,2026-01-18,push_cashback,push,CASHBACK_5,0
h-01373,30073,2025-01-15,push_cashback,push,CASHBACK_5,0
h-01374,30073,2025-01-27,push_credit,push,CC_LIMIT,1
h-01375,30073,2025-02-19,push_cashback,push,CASHBACK_5,1
h-01376,30073,2025-03-04,call_collect,call,COLLECT_01,0
h-01377,30073,2025-03-23,call_collect,call,COLLECT_01,1
h-01378,30073,2025-04-15,push_credit,push,CC_LIMIT,0
h-01379,30073,2025-05-11,sms_refinance,sms,REFIN_12,0
h-01380,30073,2025-06-03,sms_cashback,sms,CASHBACK_5,0
h-01381,30073,2025-07-01,push_credit,push,CC_LIMIT,1
h-01382,30073,2025-07-21,push_service,push,PUSH_ON,1
h-01383,30073,2025-08-02,sms_refinance,sms,REFIN_12,0
h-01384,30073,2025-08-12,email_cashback,email,CASHBACK_5,0
h-01385,30073,2025-08-24,email_cashback,email,CASHBACK_5,0
h-01386,30073,2025-09-11,push_service,push,PUSH_ON,0
h-01387,30073,2025-09-21,push_cashback,push,CASHBACK_5,1
h-01388,30073,2025-10-04,push_service,push,PUSH_ON,1
h-01389,30073,2025-10-30,push_cashback,push,CASHBACK_5,0
h-01390,30073,2025-11-07,push_cashback,push,CASHBACK_5,0
h-01391,30073,2025-12-01,push_credit,push,CC_LIMIT,0
h-01392,30073,2025-12-29,call_collect,call,COLLECT_01,0
h-01393,30073,2026-01-10,push_credit,push,CC_LIMIT,0
h-01394,30073,2026-02-03,call_collect,call,COLLECT_01,0
h-01395,30073,2026-03-01,sms_cashback,sms,CASHBACK_5,1
h-01396,30073,2026-03-16,push_cashback,push,CASHBACK_5,0
h-01397,30073,2026-04-02,email_cashback,email,CASHBACK_5,0
h-01398,30073,2026-04-26,sms_cashback,sms,CASHBACK_5,0
h-01399,30073,2026-05-17,push_service,push,PUSH_ON,1
h-01400,30074,2025-02-01,email_cashback,email,CASHBACK_5,0
h-01401,30074,2025-02-14,sms_cashback,sms,CASHBACK_5,1
h-01402,30074,2025-02-24,push_credit,push,CC_LIMIT,1
h-01403,30074,2025-03-24,sms_cashback,sms,CASHBACK_5,0
h-01404,30074,2025-04-18,push_service,push,PUSH_ON,1
h-01405,30074,2025-05-05,push_service,push,PUSH_ON,0
h-01406,30074,2025-05-29,sms_cashback,sms,CASHBACK_5,0
h-01407,30074,2025-06-08,push_cashback,push,CASHBACK_5,1
h-01408,30074,2025-06-18,push_credit,push,CC_LIMIT,0
h-01409,30074,2025-06-29,push_service,push,PUSH_ON,0
h-01410,30074,2025-07-08,email_cashback,email,CASHBACK_5,0
h-01411,30074,2025-07-26,sms_refinance,sms,REFIN_12,0
h-01412,30074,2025-08-08,push_cashback,push,CASHBACK_5,0
h-01413,30074,2025-09-04,sms_refinance,sms,REFIN_12,0
h-01414,30074,2025-09-13,push_credit,push,CC_LIMIT,0
h-01415,30074,2025-10-04,push_cashback,push,CASHBACK_5,0
h-01416,30074,2025-10-29,push_service,push,PUSH_ON,1
h-01417,30074,2025-11-26,sms_cashback,sms,CASHBACK_5,0
h-01418,30074,2025-12-20,push_service,push,PUSH_ON,1
h-01419,30074,2026-01-11,push_credit,push,CC_LIMIT,0
h-01420,30074,2026-02-08,call_collect,call,COLLECT_01,0
h-01421,30074,2026-02-27,push_cashback,push,CASHBACK_5,1
h-01422,30074,2026-03-19,email_cashback,email,CASHBACK_5,1
h-01423,30075,2025-01-18,sms_cashback,sms,CASHBACK_5,0
h-01424,30075,2025-02-15,email_cashback,email,CASHBACK_5,1
h-01425,30075,2025-02-25,push_cashback,push,CASHBACK_5,0
h-01426,30075,2025-03-07,sms_cashback,sms,CASHBACK_5,0
h-01427,30075,2025-03-22,call_collect,call,COLLECT_01,0
h-01428,30075,2025-04-19,push_cashback,push,CASHBACK_5,0
h-01429,30075,2025-05-01,sms_refinance,sms,REFIN_12,0
h-01430,30075,2025-05-14,sms_refinance,sms,REFIN_12,1
h-01431,30075,2025-05-29,call_collect,call,COLLECT_01,0
h-01432,30075,2025-06-23,sms_cashback,sms,CASHBACK_5,0
h-01433,30075,2025-07-18,push_credit,push,CC_LIMIT,0
h-01434,30075,2025-08-04,push_credit,push,CC_LIMIT,0
h-01435,30075,2025-08-15,sms_refinance,sms,REFIN_12,0
h-01436,30075,2025-08-30,push_credit,push,CC_LIMIT,0
h-01437,30075,2025-09-09,sms_cashback,sms,CASHBACK_5,1
h-01438,30075,2025-09-17,push_service,push,PUSH_ON,0
h-01439,30075,2025-09-26,push_cashback,push,CASHBACK_5,0
h-01440,30075,2025-10-14,push_credit,push,CC_LIMIT,0
h-01441,30075,2025-11-07,push_cashback,push,CASHBACK_5,1
h-01442,30075,2025-11-21,email_cashback,email,CASHBACK_5,0
h-01443,30075,2025-12-14,sms_cashback,sms,CASHBACK_5,0
h-01444,30075,2025-12-23,push_credit,push,CC_LIMIT,0
h-01445,30075,2026-01-03,sms_cashback,sms,CASHBACK_5,0
h-01446,30076,2025-01-20,email_cashback,email,CASHBACK_5,0
h-01447,30076,2025-02-04,sms_cashback,sms,CASHBACK_5,0
h-01448,30076,2025-02-12,push_credit,push,CC_LIMIT,0
h-01449,30076,2025-02-20,push_cashback,push,CASHBACK_5,1
h-01450,30076,2025-03-06,push_credit,push,CC_LIMIT,0
h-01451,30076,2025-03-24,push_credit,push,CC_LIMIT,0
h-01452,30076,2025-04-10,push_service,push,PUSH_ON,0
h-01453,30076,2025-04-29,sms_refinance,sms,REFIN_12,0
h-01454,30076,2025-05-25,push_service,push,PUSH_ON,1
h-01455,30076,2025-06-11,push_service,push,PUSH_ON,0
h-01456,30076,2025-07-08,push_service,push,PUSH_ON,0
h-01457,30076,2025-08-02,push_service,push,PUSH_ON,0
h-01458,30076,2025-08-13,sms_cashback,sms,CASHBACK_5,0
h-01459,30076,2025-09-01,push_service,push,PUSH_ON,0
h-01460,30077,2025-01-27,sms_refinance,sms,REFIN_12,0
h-01461,30077,2025-02-12,push_credit,push,CC_LIMIT,0
h-01462,30077,2025-03-11,sms_refinance,sms,REFIN_12,0
h-01463,30077,2025-04-07,push_cashback,push,CASHBACK_5,1
h-01464,30077,2025-04-27,push_credit,push,CC_LIMIT,1
h-01465,30077,2025-05-06,sms_cashback,sms,CASHBACK_5,0
h-01466,30077,2025-05-24,email_cashback,email,CASHBACK_5,0
h-01467,30077,2025-06-10,sms_cashback,sms,CASHBACK_5,0
h-01468,30077,2025-06-28,sms_cashback,sms,CASHBACK_5,0
h-01469,30077,2025-07-24,call_collect,call,COLLECT_01,0
h-01470,30077,2025-08-20,email_cashback,email,CASHBACK_5,0
h-01471,30077,2025-08-28,push_credit,push,CC_LIMIT,0
h-01472,30077,2025-09-16,sms_refinance,sms,REFIN_12,0
h-01473,30077,2025-10-11,push_credit,push,CC_LIMIT,0
h-01474,30077,2025-10-21,call_collect,call,COLLECT_01,0
h-01475,30077,2025-11-12,push_service,push,PUSH_ON,1
h-01476,30077,2025-11-30,push_cashback,push,CASHBACK_5,1
h-01477,30077,2025-12-10,sms_cashback,sms,CASHBACK_5,0
h-01478,30077,2025-12-21,call_collect,call,COLLECT_01,0
h-01479,30077,2026-01-03,push_cashback,push,CASHBACK_5,0
h-01480,30077,2026-01-29,call_collect,call,COLLECT_01,0
h-01481,30078,2025-01-23,push_service,push,PUSH_ON,0
h-01482,30078,2025-02-03,push_service,push,PUSH_ON,0
h-01483,30078,2025-02-20,email_cashback,email,CASHBACK_5,0
h-01484,30078,2025-03-05,push_cashback,push,CASHBACK_5,0
h-01485,30078,2025-03-29,call_collect,call,COLLECT_01,0
h-01486,30078,2025-04-08,push_credit,push,CC_LIMIT,0
h-01487,30078,2025-04-22,sms_cashback,sms,CASHBACK_5,0
h-01488,30078,2025-05-09,sms_refinance,sms,REFIN_12,0
h-01489,30078,2025-05-23,push_cashback,push,CASHBACK_5,0
h-01490,30078,2025-06-13,sms_refinance,sms,REFIN_12,0
h-01491,30078,2025-07-06,push_cashback,push,CASHBACK_5,1
h-01492,30078,2025-07-15,sms_cashback,sms,CASHBACK_5,1
h-01493,30078,2025-08-02,sms_cashback,sms,CASHBACK_5,1
h-01494,30078,2025-08-22,push_service,push,PUSH_ON,0
h-01495,30078,2025-09-09,sms_cashback,sms,CASHBACK_5,1
h-01496,30078,2025-10-06,push_service,push,PUSH_ON,1
h-01497,30078,2025-11-03,call_collect,call,COLLECT_01,0
h-01498,30078,2025-11-27,email_cashback,email,CASHBACK_5,0
h-01499,30078,2025-12-13,push_service,push,PUSH_ON,1
h-01500,30078,2025-12-23,sms_refinance,sms,REFIN_12,0
h-01501,30078,2026-01-16,push_service,push,PUSH_ON,0
h-01502,30078,2026-02-03,push_cashback,push,CASHBACK_5,0
h-01503,30078,2026-02-14,call_collect,call,COLLECT_01,0
h-01504,30078,2026-02-26,sms_refinance,sms,REFIN_12,0
h-01505,30078,2026-03-14,push_cashback,push,CASHBACK_5,1
h-01506,30078,2026-04-07,push_credit,push,CC_LIMIT,1
h-01507,30078,2026-04-29,sms_cashback,sms,CASHBACK_5,0
h-01508,30079,2025-01-23,sms_cashback,sms,CASHBACK_5,0
h-01509,30079,2025-02-02,sms_cashback,sms,CASHBACK_5,0
h-01510,30079,2025-02-20,push_cashback,push,CASHBACK_5,1
h-01511,30079,2025-03-20,sms_cashback,sms,CASHBACK_5,1
h-01512,30079,2025-03-30,push_service,push,PUSH_ON,0
h-01513,30079,2025-04-19,push_service,push,PUSH_ON,0
h-01514,30079,2025-04-29,push_cashback,push,CASHBACK_5,1
h-01515,30079,2025-05-19,sms_cashback,sms,CASHBACK_5,0
h-01516,30079,2025-06-12,sms_cashback,sms,CASHBACK_5,0
h-01517,30079,2025-07-02,call_collect,call,COLLECT_01,0
h-01518,30079,2025-07-20,push_credit,push,CC_LIMIT,0
h-01519,30079,2025-08-14,push_cashback,push,CASHBACK_5,0
h-01520,30079,2025-08-29,push_credit,push,CC_LIMIT,0
h-01521,30079,2025-09-24,push_service,push,PUSH_ON,0
h-01522,30079,2025-10-19,push_cashback,push,CASHBACK_5,0
h-01523,30079,2025-11-14,sms_refinance,sms,REFIN_12,0
h-01524,30079,2025-12-10,push_credit,push,CC_LIMIT,0
h-01525,30079,2025-12-30,call_collect,call,COLLECT_01,0
h-01526,30079,2026-01-20,push_cashback,push,CASHBACK_5,0
h-01527,30079,2026-02-15,push_credit,push,CC_LIMIT,0
h-01528,30079,2026-03-02,push_credit,push,CC_LIMIT,0
h-01529,30079,2026-03-30,push_credit,push,CC_LIMIT,0
h-01530,30079,2026-04-19,push_service,push,PUSH_ON,1
h-01531,30079,2026-05-05,push_service,push,PUSH_ON,0
h-01532,30079,2026-06-01,email_cashback,email,CASHBACK_5,0
h-01533,30080,2025-01-20,push_cashback,push,CASHBACK_5,0
h-01534,30080,2025-02-13,call_collect,call,COLLECT_01,0
h-01535,30080,2025-02-23,push_service,push,PUSH_ON,1
h-01536,30080,2025-03-20,sms_cashback,sms,CASHBACK_5,0
h-01537,30080,2025-04-10,sms_cashback,sms,CASHBACK_5,0
h-01538,30080,2025-05-07,sms_cashback,sms,CASHBACK_5,0
h-01539,30080,2025-06-01,push_service,push,PUSH_ON,0
h-01540,30080,2025-06-27,push_cashback,push,CASHBACK_5,0
h-01541,30080,2025-07-09,push_service,push,PUSH_ON,0
h-01542,30080,2025-08-02,sms_refinance,sms,REFIN_12,0
h-01543,30080,2025-08-23,call_collect,call,COLLECT_01,1
h-01544,30080,2025-09-20,sms_refinance,sms,REFIN_12,0
h-01545,30080,2025-10-03,email_cashback,email,CASHBACK_5,0
h-01546,30080,2025-10-19,sms_cashback,sms,CASHBACK_5,0
h-01547,30080,2025-10-27,call_collect,call,COLLECT_01,1
h-01548,30080,2025-11-21,push_cashback,push,CASHBACK_5,0
h-01549,30080,2025-12-02,push_cashback,push,CASHBACK_5,0
h-01550,30080,2025-12-21,call_collect,call,COLLECT_01,1
h-01551,30080,2026-01-12,email_cashback,email,CASHBACK_5,0
h-01552,30080,2026-01-20,push_cashback,push,CASHBACK_5,0
h-01553,30080,2026-01-31,sms_refinance,sms,REFIN_12,0
h-01554,30080,2026-02-15,push_cashback,push,CASHBACK_5,0
h-01555,30080,2026-03-10,push_cashback,push,CASHBACK_5,0
h-01556,30080,2026-03-21,push_cashback,push,CASHBACK_5,0
h-01557,30080,2026-04-09,push_service,push,PUSH_ON,0
h-01558,30081,2025-01-21,push_service,push,PUSH_ON,0
h-01559,30081,2025-01-30,push_cashback,push,CASHBACK_5,0
h-01560,30081,2025-02-19,push_cashback,push,CASHBACK_5,1
h-01561,30081,2025-03-15,sms_refinance,sms,REFIN_12,1
h-01562,30081,2025-04-02,sms_refinance,sms,REFIN_12,0
h-01563,30081,2025-04-28,sms_refinance,sms,REFIN_12,0
h-01564,30081,2025-05-14,push_cashback,push,CASHBACK_5,0
h-01565,30081,2025-06-07,sms_refinance,sms,REFIN_12,1
h-01566,30081,2025-06-25,push_cashback,push,CASHBACK_5,0
h-01567,30081,2025-07-19,sms_refinance,sms,REFIN_12,0
h-01568,30081,2025-07-31,sms_cashback,sms,CASHBACK_5,0
h-01569,30081,2025-08-10,push_cashback,push,CASHBACK_5,0
h-01570,30081,2025-09-01,push_credit,push,CC_LIMIT,0
h-01571,30081,2025-09-15,call_collect,call,COLLECT_01,1
h-01572,30081,2025-09-23,push_cashback,push,CASHBACK_5,0
h-01573,30081,2025-10-18,push_service,push,PUSH_ON,1
h-01574,30081,2025-11-03,push_cashback,push,CASHBACK_5,0
h-01575,30081,2025-11-12,call_collect,call,COLLECT_01,0
h-01576,30081,2025-12-08,push_cashback,push,CASHBACK_5,0
h-01577,30081,2025-12-20,sms_cashback,sms,CASHBACK_5,0
h-01578,30081,2025-12-30,sms_refinance,sms,REFIN_12,1
h-01579,30081,2026-01-09,push_credit,push,CC_LIMIT,0
h-01580,30081,2026-01-21,push_cashback,push,CASHBACK_5,0
h-01581,30081,2026-02-01,push_cashback,push,CASHBACK_5,0
h-01582,30081,2026-02-19,call_collect,call,COLLECT_01,0
h-01583,30081,2026-03-18,sms_refinance,sms,REFIN_12,0
h-01584,30082,2025-01-28,push_cashback,push,CASHBACK_5,1
h-01585,30082,2025-02-05,call_collect,call,COLLECT_01,0
h-01586,30082,2025-02-16,email_cashback,email,CASHBACK_5,0
h-01587,30082,2025-03-08,call_collect,call,COLLECT_01,0
h-01588,30082,2025-03-22,push_cashback,push,CASHBACK_5,0
h-01589,30082,2025-04-16,push_service,push,PUSH_ON,0
h-01590,30082,2025-05-03,sms_refinance,sms,REFIN_12,0
h-01591,30082,2025-05-21,push_service,push,PUSH_ON,0
h-01592,30082,2025-06-03,email_cashback,email,CASHBACK_5,0
h-01593,30082,2025-06-26,push_service,push,PUSH_ON,0
h-01594,30082,2025-07-06,sms_refinance,sms,REFIN_12,0
h-01595,30082,2025-07-14,email_cashback,email,CASHBACK_5,0
h-01596,30082,2025-07-30,push_cashback,push,CASHBACK_5,0
h-01597,30082,2025-08-10,call_collect,call,COLLECT_01,0
h-01598,30082,2025-09-01,sms_refinance,sms,REFIN_12,0
h-01599,30083,2025-01-20,sms_refinance,sms,REFIN_12,0
h-01600,30083,2025-01-30,call_collect,call,COLLECT_01,1
h-01601,30083,2025-02-13,push_credit,push,CC_LIMIT,0
h-01602,30083,2025-03-07,push_cashback,push,CASHBACK_5,1
h-01603,30083,2025-03-28,push_credit,push,CC_LIMIT,0
h-01604,30083,2025-04-05,sms_cashback,sms,CASHBACK_5,0
h-01605,30083,2025-04-15,sms_cashback,sms,CASHBACK_5,0
h-01606,30083,2025-05-10,push_cashback,push,CASHBACK_5,1
h-01607,30083,2025-05-23,call_collect,call,COLLECT_01,0
h-01608,30083,2025-06-14,push_cashback,push,CASHBACK_5,0
h-01609,30083,2025-07-02,email_cashback,email,CASHBACK_5,0
h-01610,30083,2025-07-12,push_service,push,PUSH_ON,0
h-01611,30083,2025-07-30,sms_cashback,sms,CASHBACK_5,0
h-01612,30083,2025-08-12,push_service,push,PUSH_ON,0
h-01613,30083,2025-08-25,push_service,push,PUSH_ON,0
h-01614,30083,2025-09-21,push_credit,push,CC_LIMIT,1
h-01615,30083,2025-10-18,sms_cashback,sms,CASHBACK_5,0
h-01616,30083,2025-11-03,call_collect,call,COLLECT_01,0
h-01617,30083,2025-11-28,push_credit,push,CC_LIMIT,0
h-01618,30083,2025-12-16,push_service,push,PUSH_ON,1
h-01619,30083,2026-01-04,push_service,push,PUSH_ON,0
h-01620,30083,2026-01-15,email_cashback,email,CASHBACK_5,0
h-01621,30084,2025-01-30,push_service,push,PUSH_ON,1
h-01622,30084,2025-02-23,sms_cashback,sms,CASHBACK_5,0
h-01623,30084,2025-03-22,sms_cashback,sms,CASHBACK_5,0
h-01624,30084,2025-04-10,push_cashback,push,CASHBACK_5,0
h-01625,30084,2025-04-22,push_cashback,push,CASHBACK_5,0
h-01626,30084,2025-05-19,sms_refinance,sms,REFIN_12,0
h-01627,30084,2025-06-15,sms_cashback,sms,CASHBACK_5,1
h-01628,30084,2025-07-06,push_service,push,PUSH_ON,1
h-01629,30084,2025-08-03,call_collect,call,COLLECT_01,0
h-01630,30084,2025-08-16,push_cashback,push,CASHBACK_5,0
h-01631,30084,2025-09-11,sms_cashback,sms,CASHBACK_5,1
h-01632,30084,2025-10-01,push_credit,push,CC_LIMIT,0
h-01633,30084,2025-10-16,sms_cashback,sms,CASHBACK_5,0
h-01634,30084,2025-11-06,push_service,push,PUSH_ON,0
h-01635,30084,2025-11-23,sms_cashback,sms,CASHBACK_5,0
h-01636,30084,2025-12-15,call_collect,call,COLLECT_01,0
h-01637,30084,2025-12-26,call_collect,call,COLLECT_01,0
h-01638,30085,2025-01-16,push_service,push,PUSH_ON,0
h-01639,30085,2025-01-25,sms_refinance,sms,REFIN_12,0
h-01640,30085,2025-02-10,sms_cashback,sms,CASHBACK_5,0
h-01641,30085,2025-02-20,sms_cashback,sms,CASHBACK_5,0
h-01642,30085,2025-03-14,push_credit,push,CC_LIMIT,1
h-01643,30085,2025-04-06,sms_cashback,sms,CASHBACK_5,0
h-01644,30085,2025-04-17,push_cashback,push,CASHBACK_5,0
h-01645,30085,2025-05-08,sms_refinance,sms,REFIN_12,0
h-01646,30085,2025-05-25,email_cashback,email,CASHBACK_5,0
h-01647,30085,2025-06-02,sms_refinance,sms,REFIN_12,0
h-01648,30085,2025-06-24,sms_refinance,sms,REFIN_12,1
h-01649,30085,2025-07-07,push_cashback,push,CASHBACK_5,1
h-01650,30085,2025-07-15,sms_refinance,sms,REFIN_12,0
h-01651,30085,2025-08-12,sms_cashback,sms,CASHBACK_5,0
h-01652,30085,2025-08-29,push_credit,push,CC_LIMIT,0
h-01653,30085,2025-09-21,sms_refinance,sms,REFIN_12,0
h-01654,30085,2025-10-07,push_credit,push,CC_LIMIT,0
h-01655,30085,2025-10-18,push_cashback,push,CASHBACK_5,0
h-01656,30085,2025-11-10,push_cashback,push,CASHBACK_5,1
h-01657,30085,2025-12-08,call_collect,call,COLLECT_01,0
h-01658,30085,2025-12-31,push_cashback,push,CASHBACK_5,0
h-01659,30085,2026-01-16,push_service,push,PUSH_ON,0
h-01660,30086,2025-01-18,email_cashback,email,CASHBACK_5,1
h-01661,30086,2025-02-05,push_cashback,push,CASHBACK_5,1
h-01662,30086,2025-02-26,push_cashback,push,CASHBACK_5,0
h-01663,30086,2025-03-15,push_cashback,push,CASHBACK_5,0
h-01664,30086,2025-04-09,push_service,push,PUSH_ON,0
h-01665,30086,2025-04-20,sms_cashback,sms,CASHBACK_5,0
h-01666,30086,2025-04-28,email_cashback,email,CASHBACK_5,0
h-01667,30086,2025-05-16,email_cashback,email,CASHBACK_5,0
h-01668,30086,2025-06-12,push_service,push,PUSH_ON,1
h-01669,30086,2025-07-02,push_cashback,push,CASHBACK_5,0
h-01670,30086,2025-07-12,push_cashback,push,CASHBACK_5,0
h-01671,30086,2025-08-01,sms_cashback,sms,CASHBACK_5,0
h-01672,30086,2025-08-17,call_collect,call,COLLECT_01,0
h-01673,30086,2025-09-13,sms_cashback,sms,CASHBACK_5,1
h-01674,30086,2025-10-02,email_cashback,email,CASHBACK_5,0
h-01675,30086,2025-10-29,sms_refinance,sms,REFIN_12,0
h-01676,30086,2025-11-21,sms_refinance,sms,REFIN_12,0
h-01677,30086,2025-12-04,push_service,push,PUSH_ON,0
h-01678,30086,2025-12-31,sms_refinance,sms,REFIN_12,0
h-01679,30086,2026-01-26,push_service,push,PUSH_ON,0
h-01680,30086,2026-02-06,push_credit,push,CC_LIMIT,0
h-01681,30086,2026-02-27,push_cashback,push,CASHBACK_5,0
h-01682,30087,2025-01-23,push_cashback,push,CASHBACK_5,0
h-01683,30087,2025-02-04,push_cashback,push,CASHBACK_5,0
h-01684,30087,2025-03-04,push_service,push,PUSH_ON,1
h-01685,30087,2025-03-13,push_cashback,push,CASHBACK_5,0
h-01686,30087,2025-04-10,push_cashback,push,CASHBACK_5,0
h-01687,30087,2025-04-28,push_credit,push,CC_LIMIT,0
h-01688,30087,2025-05-24,push_cashback,push,CASHBACK_5,0
h-01689,30087,2025-06-16,sms_cashback,sms,CASHBACK_5,0
h-01690,30087,2025-06-24,call_collect,call,COLLECT_01,0
h-01691,30087,2025-07-05,email_cashback,email,CASHBACK_5,0
h-01692,30087,2025-07-19,push_cashback,push,CASHBACK_5,0
h-01693,30087,2025-08-13,sms_cashback,sms,CASHBACK_5,0
h-01694,30087,2025-08-22,push_cashback,push,CASHBACK_5,0
h-01695,30087,2025-09-11,sms_cashback,sms,CASHBACK_5,0
h-01696,30087,2025-10-02,sms_refinance,sms,REFIN_12,1
h-01697,30087,2025-10-15,push_cashback,push,CASHBACK_5,0
h-01698,30087,2025-11-12,call_collect,call,COLLECT_01,0
h-01699,30087,2025-12-08,push_cashback,push,CASHBACK_5,0
h-01700,30087,2025-12-31,call_collect,call,COLLECT_01,0
h-01701,30087,2026-01-27,push_credit,push,CC_LIMIT,0
h-01702,30087,2026-02-07,push_service,push,PUSH_ON,0
h-01703,30087,2026-02-28,push_cashback,push,CASHBACK_5,0
h-01704,30087,2026-03-12,push_service,push,PUSH_ON,0
h-01705,30087,2026-03-30,push_service,push,PUSH_ON,0
h-01706,30088,2025-01-18,sms_cashback,sms,CASHBACK_5,0
h-01707,30088,2025-02-14,sms_refinance,sms,REFIN_12,0
h-01708,30088,2025-02-27,call_collect,call,COLLECT_01,0
h-01709,30088,2025-03-20,sms_refinance,sms,REFIN_12,0
h-01710,30088,2025-04-14,call_collect,call,COLLECT_01,0
h-01711,30088,2025-04-26,push_cashback,push,CASHBACK_5,0
h-01712,30088,2025-05-09,push_cashback,push,CASHBACK_5,1
h-01713,30088,2025-05-31,push_cashback,push,CASHBACK_5,0
h-01714,30088,2025-06-14,push_cashback,push,CASHBACK_5,0
h-01715,30088,2025-06-23,push_cashback,push,CASHBACK_5,0
h-01716,30088,2025-07-15,call_collect,call,COLLECT_01,1
h-01717,30088,2025-08-02,email_cashback,email,CASHBACK_5,0
h-01718,30088,2025-08-29,email_cashback,email,CASHBACK_5,0
h-01719,30088,2025-09-06,sms_refinance,sms,REFIN_12,0
h-01720,30088,2025-09-24,sms_cashback,sms,CASHBACK_5,0
h-01721,30088,2025-10-09,push_cashback,push,CASHBACK_5,0
h-01722,30088,2025-10-30,push_service,push,PUSH_ON,0
h-01723,30088,2025-11-14,push_cashback,push,CASHBACK_5,0
h-01724,30088,2025-12-04,push_credit,push,CC_LIMIT,0
h-01725,30088,2025-12-18,email_cashback,email,CASHBACK_5,0
h-01726,30088,2025-12-31,sms_refinance,sms,REFIN_12,0
h-01727,30089,2025-01-23,sms_refinance,sms,REFIN_12,0
h-01728,30089,2025-02-04,push_service,push,PUSH_ON,0
h-01729,30089,2025-03-02,sms_refinance,sms,REFIN_12,0
h-01730,30089,2025-03-19,call_collect,call,COLLECT_01,0
h-01731,30089,2025-04-13,call_collect,call,COLLECT_01,1
h-01732,30089,2025-05-06,call_collect,call,COLLECT_01,1
h-01733,30089,2025-05-14,call_collect,call,COLLECT_01,0
h-01734,30089,2025-06-11,push_service,push,PUSH_ON,0
h-01735,30089,2025-06-19,sms_refinance,sms,REFIN_12,1
h-01736,30089,2025-07-16,sms_refinance,sms,REFIN_12,0
h-01737,30089,2025-07-30,sms_cashback,sms,CASHBACK_5,0
h-01738,30089,2025-08-13,call_collect,call,COLLECT_01,0
h-01739,30089,2025-08-28,push_cashback,push,CASHBACK_5,0
h-01740,30089,2025-09-07,sms_refinance,sms,REFIN_12,0
h-01741,30089,2025-09-18,call_collect,call,COLLECT_01,0
h-01742,30089,2025-10-07,sms_cashback,sms,CASHBACK_5,0
h-01743,30089,2025-10-26,push_cashback,push,CASHBACK_5,0
h-01744,30089,2025-11-12,push_cashback,push,CASHBACK_5,1
h-01745,30089,2025-12-03,sms_refinance,sms,REFIN_12,1
h-01746,30089,2025-12-12,sms_refinance,sms,REFIN_12,0
h-01747,30089,2025-12-30,push_credit,push,CC_LIMIT,0
h-01748,30089,2026-01-14,push_cashback,push,CASHBACK_5,0
h-01749,30090,2025-01-13,call_collect,call,COLLECT_01,0
h-01750,30090,2025-02-01,push_cashback,push,CASHBACK_5,0
h-01751,30090,2025-02-13,sms_cashback,sms,CASHBACK_5,0
h-01752,30090,2025-03-05,push_cashback,push,CASHBACK_5,0
h-01753,30090,2025-03-21,push_service,push,PUSH_ON,0
h-01754,30090,2025-04-18,push_service,push,PUSH_ON,1
h-01755,30090,2025-05-12,push_cashback,push,CASHBACK_5,0
h-01756,30090,2025-05-28,email_cashback,email,CASHBACK_5,0
h-01757,30090,2025-06-06,push_service,push,PUSH_ON,0
h-01758,30090,2025-06-23,push_service,push,PUSH_ON,1
h-01759,30090,2025-07-06,sms_cashback,sms,CASHBACK_5,0
h-01760,30090,2025-07-20,push_service,push,PUSH_ON,1
h-01761,30090,2025-08-02,push_cashback,push,CASHBACK_5,0
h-01762,30090,2025-08-24,push_cashback,push,CASHBACK_5,0
h-01763,30090,2025-09-09,push_cashback,push,CASHBACK_5,0
h-01764,30090,2025-09-26,sms_refinance,sms,REFIN_12,0
h-01765,30090,2025-10-16,push_service,push,PUSH_ON,0
h-01766,30090,2025-11-13,push_service,push,PUSH_ON,1
h-01767,30090,2025-11-25,call_collect,call,COLLECT_01,0
h-01768,30090,2025-12-03,push_service,push,PUSH_ON,0
h-01769,30090,2025-12-16,push_service,push,PUSH_ON,0
h-01770,30090,2026-01-04,push_cashback,push,CASHBACK_5,0
h-01771,30090,2026-01-31,email_cashback,email,CASHBACK_5,0
h-01772,30090,2026-02-15,push_credit,push,CC_LIMIT,1
h-01773,30090,2026-03-10,push_service,push,PUSH_ON,1
h-01774,30090,2026-03-24,sms_refinance,sms,REFIN_12,0
h-01775,30090,2026-04-09,push_service,push,PUSH_ON,1
h-01776,30090,2026-04-30,email_cashback,email,CASHBACK_5,0
h-01777,30091,2025-01-26,email_cashback,email,CASHBACK_5,0
h-01778,30091,2025-02-04,push_credit,push,CC_LIMIT,0
h-01779,30091,2025-03-02,push_credit,push,CC_LIMIT,0
h-01780,30091,2025-03-27,sms_refinance,sms,REFIN_12,0
h-01781,30091,2025-04-21,call_collect,call,COLLECT_01,0
h-01782,30091,2025-04-29,push_service,push,PUSH_ON,1
h-01783,30091,2025-05-23,sms_cashback,sms,CASHBACK_5,0
h-01784,30091,2025-06-19,sms_refinance,sms,REFIN_12,0
h-01785,30091,2025-07-08,push_cashback,push,CASHBACK_5,0
h-01786,30091,2025-07-19,sms_cashback,sms,CASHBACK_5,0
h-01787,30091,2025-08-08,email_cashback,email,CASHBACK_5,0
h-01788,30091,2025-08-31,push_credit,push,CC_LIMIT,0
h-01789,30091,2025-09-21,call_collect,call,COLLECT_01,1
h-01790,30091,2025-10-13,email_cashback,email,CASHBACK_5,0
h-01791,30092,2025-01-30,push_service,push,PUSH_ON,1
h-01792,30092,2025-02-21,push_cashback,push,CASHBACK_5,0
h-01793,30092,2025-03-21,push_cashback,push,CASHBACK_5,1
h-01794,30092,2025-04-05,sms_cashback,sms,CASHBACK_5,1
h-01795,30092,2025-04-18,sms_cashback,sms,CASHBACK_5,1
h-01796,30092,2025-05-04,sms_refinance,sms,REFIN_12,0
h-01797,30092,2025-05-17,call_collect,call,COLLECT_01,0
h-01798,30092,2025-06-03,sms_refinance,sms,REFIN_12,0
h-01799,30092,2025-06-23,push_cashback,push,CASHBACK_5,0
h-01800,30092,2025-07-04,email_cashback,email,CASHBACK_5,0
h-01801,30092,2025-07-27,sms_cashback,sms,CASHBACK_5,1
h-01802,30092,2025-08-22,call_collect,call,COLLECT_01,0
h-01803,30092,2025-09-08,push_service,push,PUSH_ON,0
h-01804,30093,2025-01-30,push_cashback,push,CASHBACK_5,0
h-01805,30093,2025-02-16,push_service,push,PUSH_ON,1
h-01806,30093,2025-03-12,push_credit,push,CC_LIMIT,1
h-01807,30093,2025-03-25,push_service,push,PUSH_ON,0
h-01808,30093,2025-04-07,sms_refinance,sms,REFIN_12,0
h-01809,30093,2025-04-27,sms_cashback,sms,CASHBACK_5,0
h-01810,30093,2025-05-17,sms_refinance,sms,REFIN_12,0
h-01811,30093,2025-06-13,push_credit,push,CC_LIMIT,1
h-01812,30093,2025-06-26,push_service,push,PUSH_ON,0
h-01813,30093,2025-07-12,sms_refinance,sms,REFIN_12,0
h-01814,30093,2025-08-01,push_service,push,PUSH_ON,0
h-01815,30093,2025-08-12,push_cashback,push,CASHBACK_5,0
h-01816,30093,2025-09-03,call_collect,call,COLLECT_01,0
h-01817,30093,2025-09-14,push_service,push,PUSH_ON,0
h-01818,30093,2025-10-12,sms_refinance,sms,REFIN_12,0
h-01819,30093,2025-11-04,push_cashback,push,CASHBACK_5,1
h-01820,30094,2025-01-16,push_service,push,PUSH_ON,0
h-01821,30094,2025-02-12,sms_refinance,sms,REFIN_12,1
h-01822,30094,2025-03-07,push_cashback,push,CASHBACK_5,1
h-01823,30094,2025-04-01,push_service,push,PUSH_ON,0
h-01824,30094,2025-04-17,push_cashback,push,CASHBACK_5,0
h-01825,30094,2025-04-28,push_service,push,PUSH_ON,0
h-01826,30094,2025-05-22,email_cashback,email,CASHBACK_5,0
h-01827,30094,2025-06-16,call_collect,call,COLLECT_01,0
h-01828,30094,2025-07-04,sms_cashback,sms,CASHBACK_5,1
h-01829,30094,2025-07-27,push_cashback,push,CASHBACK_5,1
h-01830,30094,2025-08-19,call_collect,call,COLLECT_01,0
h-01831,30094,2025-09-08,push_cashback,push,CASHBACK_5,0
h-01832,30094,2025-10-05,call_collect,call,COLLECT_01,0
h-01833,30094,2025-11-01,push_service,push,PUSH_ON,0
h-01834,30094,2025-11-25,email_cashback,email,CASHBACK_5,0
h-01835,30094,2025-12-04,email_cashback,email,CASHBACK_5,0
h-01836,30094,2025-12-30,push_cashback,push,CASHBACK_5,1
h-01837,30094,2026-01-16,sms_cashback,sms,CASHBACK_5,0
h-01838,30094,2026-02-01,push_cashback,push,CASHBACK_5,0
h-01839,30094,2026-02-16,push_service,push,PUSH_ON,1
h-01840,30094,2026-03-13,push_cashback,push,CASHBACK_5,0
h-01841,30094,2026-03-25,push_cashback,push,CASHBACK_5,0
h-01842,30094,2026-04-03,sms_refinance,sms,REFIN_12,0
h-01843,30094,2026-04-20,push_credit,push,CC_LIMIT,0
h-01844,30094,2026-05-14,sms_cashback,sms,CASHBACK_5,0
h-01845,30094,2026-06-04,sms_refinance,sms,REFIN_12,0
h-01846,30095,2025-01-26,sms_refinance,sms,REFIN_12,1
h-01847,30095,2025-02-09,push_cashback,push,CASHBACK_5,0
h-01848,30095,2025-02-24,call_collect,call,COLLECT_01,0
h-01849,30095,2025-03-08,email_cashback,email,CASHBACK_5,0
h-01850,30095,2025-03-27,push_cashback,push,CASHBACK_5,0
h-01851,30095,2025-04-13,push_service,push,PUSH_ON,0
h-01852,30095,2025-05-06,push_cashback,push,CASHBACK_5,0
h-01853,30095,2025-05-22,email_cashback,email,CASHBACK_5,1
h-01854,30095,2025-05-30,email_cashback,email,CASHBACK_5,0
h-01855,30095,2025-06-11,push_cashback,push,CASHBACK_5,0
h-01856,30095,2025-07-05,sms_refinance,sms,REFIN_12,1
h-01857,30095,2025-07-13,push_service,push,PUSH_ON,1
h-01858,30095,2025-07-26,sms_cashback,sms,CASHBACK_5,0
h-01859,30095,2025-08-16,push_cashback,push,CASHBACK_5,1
h-01860,30095,2025-08-24,sms_cashback,sms,CASHBACK_5,1
h-01861,30095,2025-09-02,call_collect,call,COLLECT_01,0
h-01862,30095,2025-09-13,push_credit,push,CC_LIMIT,0
h-01863,30095,2025-09-24,sms_cashback,sms,CASHBACK_5,0
h-01864,30095,2025-10-11,call_collect,call,COLLECT_01,0
h-01865,30095,2025-10-28,sms_cashback,sms,CASHBACK_5,0
h-01866,30095,2025-11-06,push_service,push,PUSH_ON,0
h-01867,30095,2025-12-03,call_collect,call,COLLECT_01,0
h-01868,30095,2025-12-13,push_cashback,push,CASHBACK_5,1
h-01869,30095,2025-12-30,sms_cashback,sms,CASHBACK_5,0
h-01870,30096,2025-01-23,call_collect,call,COLLECT_01,0
h-01871,30096,2025-02-20,push_service,push,PUSH_ON,1
h-01872,30096,2025-03-11,call_collect,call,COLLECT_01,0
h-01873,30096,2025-03-28,sms_refinance,sms,REFIN_12,0
h-01874,30096,2025-04-17,push_cashback,push,CASHBACK_5,0
h-01875,30096,2025-04-29,email_cashback,email,CASHBACK_5,0
h-01876,30096,2025-05-21,push_service,push,PUSH_ON,0
h-01877,30096,2025-06-13,call_collect,call,COLLECT_01,0
h-01878,30096,2025-06-28,push_service,push,PUSH_ON,1
h-01879,30096,2025-07-25,sms_cashback,sms,CASHBACK_5,0
h-01880,30096,2025-08-17,call_collect,call,COLLECT_01,0
h-01881,30096,2025-09-14,sms_cashback,sms,CASHBACK_5,0
h-01882,30096,2025-09-30,push_credit,push,CC_LIMIT,0
h-01883,30097,2025-01-20,push_cashback,push,CASHBACK_5,0
h-01884,30097,2025-02-11,sms_cashback,sms,CASHBACK_5,0
h-01885,30097,2025-03-01,push_credit,push,CC_LIMIT,0
h-01886,30097,2025-03-20,sms_refinance,sms,REFIN_12,0
h-01887,30097,2025-04-12,call_collect,call,COLLECT_01,0
h-01888,30097,2025-04-20,push_credit,push,CC_LIMIT,1
h-01889,30097,2025-05-12,sms_refinance,sms,REFIN_12,0
h-01890,30097,2025-06-05,sms_cashback,sms,CASHBACK_5,0
h-01891,30097,2025-06-29,sms_cashback,sms,CASHBACK_5,0
h-01892,30097,2025-07-18,sms_refinance,sms,REFIN_12,0
h-01893,30097,2025-07-27,push_service,push,PUSH_ON,0
h-01894,30097,2025-08-05,call_collect,call,COLLECT_01,0
h-01895,30097,2025-08-20,push_service,push,PUSH_ON,0
h-01896,30097,2025-09-06,sms_refinance,sms,REFIN_12,0
h-01897,30097,2025-09-15,push_service,push,PUSH_ON,0
h-01898,30097,2025-10-11,email_cashback,email,CASHBACK_5,0
h-01899,30097,2025-11-05,sms_cashback,sms,CASHBACK_5,0
h-01900,30097,2025-11-24,sms_cashback,sms,CASHBACK_5,0
h-01901,30097,2025-12-10,push_cashback,push,CASHBACK_5,1
h-01902,30097,2025-12-28,sms_cashback,sms,CASHBACK_5,0
h-01903,30097,2026-01-11,sms_cashback,sms,CASHBACK_5,1
h-01904,30097,2026-01-28,push_credit,push,CC_LIMIT,0
h-01905,30098,2025-01-22,push_credit,push,CC_LIMIT,0
h-01906,30098,2025-02-09,push_cashback,push,CASHBACK_5,0
h-01907,30098,2025-02-21,push_cashback,push,CASHBACK_5,1
h-01908,30098,2025-03-07,email_cashback,email,CASHBACK_5,0
h-01909,30098,2025-04-03,push_service,push,PUSH_ON,0
h-01910,30098,2025-04-22,push_cashback,push,CASHBACK_5,0
h-01911,30098,2025-05-06,email_cashback,email,CASHBACK_5,0
h-01912,30098,2025-05-21,call_collect,call,COLLECT_01,0
h-01913,30098,2025-06-04,sms_refinance,sms,REFIN_12,1
h-01914,30098,2025-07-02,push_service,push,PUSH_ON,1
h-01915,30098,2025-07-25,push_cashback,push,CASHBACK_5,0
h-01916,30098,2025-08-13,push_credit,push,CC_LIMIT,0
h-01917,30098,2025-09-09,push_cashback,push,CASHBACK_5,0
h-01918,30098,2025-09-18,push_service,push,PUSH_ON,1
h-01919,30098,2025-09-29,push_credit,push,CC_LIMIT,0
h-01920,30098,2025-10-15,push_cashback,push,CASHBACK_5,0
h-01921,30099,2025-01-23,push_cashback,push,CASHBACK_5,0
h-01922,30099,2025-02-04,push_credit,push,CC_LIMIT,0
h-01923,30099,2025-02-18,push_credit,push,CC_LIMIT,0
h-01924,30099,2025-03-18,push_service,push,PUSH_ON,0
h-01925,30099,2025-04-07,push_service,push,PUSH_ON,0
h-01926,30099,2025-04-25,sms_cashback,sms,CASHBACK_5,1
h-01927,30099,2025-05-12,email_cashback,email,CASHBACK_5,1
h-01928,30099,2025-06-02,sms_refinance,sms,REFIN_12,0
h-01929,30099,2025-06-29,push_service,push,PUSH_ON,0
h-01930,30099,2025-07-23,push_credit,push,CC_LIMIT,0
h-01931,30099,2025-08-15,push_credit,push,CC_LIMIT,0
h-01932,30099,2025-08-30,push_credit,push,CC_LIMIT,0
h-01933,30099,2025-09-07,sms_refinance,sms,REFIN_12,0
h-01934,30099,2025-09-30,push_service,push,PUSH_ON,0
h-01935,30099,2025-10-11,sms_refinance,sms,REFIN_12,0
h-01936,30099,2025-10-19,sms_cashback,sms,CASHBACK_5,1
h-01937,30099,2025-11-08,sms_refinance,sms,REFIN_12,0
h-01938,30099,2025-12-02,call_collect,call,COLLECT_01,0
h-01939,30099,2025-12-13,push_service,push,PUSH_ON,0
h-01940,30099,2026-01-03,push_service,push,PUSH_ON,0
h-01941,30099,2026-01-25,push_credit,push,CC_LIMIT,0
h-01942,30099,2026-02-10,push_cashback,push,CASHBACK_5,0
h-01943,30099,2026-03-03,call_collect,call,COLLECT_01,0
h-01944,30100,2025-01-22,sms_cashback,sms,CASHBACK_5,1
h-01945,30100,2025-02-10,sms_refinance,sms,REFIN_12,0
h-01946,30100,2025-02-24,sms_refinance,sms,REFIN_12,0
h-01947,30100,2025-03-07,push_cashback,push,CASHBACK_5,1
h-01948,30100,2025-04-01,sms_cashback,sms,CASHBACK_5,0
h-01949,30100,2025-04-22,email_cashback,email,CASHBACK_5,0
h-01950,30100,2025-05-06,email_cashback,email,CASHBACK_5,0
h-01951,30100,2025-05-31,sms_refinance,sms,REFIN_12,1
h-01952,30100,2025-06-16,email_cashback,email,CASHBACK_5,0
h-01953,30100,2025-07-06,push_credit,push,CC_LIMIT,0
h-01954,30100,2025-07-24,push_credit,push,CC_LIMIT,1
h-01955,30100,2025-08-19,sms_refinance,sms,REFIN_12,0
h-01956,30100,2025-09-02,sms_refinance,sms,REFIN_12,0
h-01957,30100,2025-09-14,call_collect,call,COLLECT_01,0
h-01958,30100,2025-09-26,push_credit,push,CC_LIMIT,0
h-01959,30100,2025-10-05,sms_refinance,sms,REFIN_12,0
h-01960,30100,2025-10-31,push_credit,push,CC_LIMIT,1
h-01961,30101,2025-01-13,push_credit,push,CC_LIMIT,1
h-01962,30101,2025-01-26,sms_cashback,sms,CASHBACK_5,0
h-01963,30101,2025-02-04,push_service,push,PUSH_ON,0
h-01964,30101,2025-02-15,sms_cashback,sms,CASHBACK_5,0
h-01965,30101,2025-03-13,email_cashback,email,CASHBACK_5,0
h-01966,30101,2025-04-04,email_cashback,email,CASHBACK_5,0
h-01967,30101,2025-04-12,sms_refinance,sms,REFIN_12,1
h-01968,30101,2025-05-04,sms_refinance,sms,REFIN_12,0
h-01969,30101,2025-06-01,push_cashback,push,CASHBACK_5,0
h-01970,30101,2025-06-28,email_cashback,email,CASHBACK_5,0
h-01971,30101,2025-07-06,push_cashback,push,CASHBACK_5,1
h-01972,30101,2025-07-25,sms_cashback,sms,CASHBACK_5,1
h-01973,30101,2025-08-08,call_collect,call,COLLECT_01,0
h-01974,30101,2025-08-23,email_cashback,email,CASHBACK_5,0
h-01975,30101,2025-09-08,email_cashback,email,CASHBACK_5,0
h-01976,30101,2025-09-17,email_cashback,email,CASHBACK_5,0
h-01977,30101,2025-10-01,sms_refinance,sms,REFIN_12,0
h-01978,30101,2025-10-16,push_service,push,PUSH_ON,1
h-01979,30101,2025-11-03,sms_cashback,sms,CASHBACK_5,0
h-01980,30101,2025-12-01,sms_refinance,sms,REFIN_12,0
h-01981,30101,2025-12-14,call_collect,call,COLLECT_01,0
h-01982,30101,2026-01-11,sms_refinance,sms,REFIN_12,0
h-01983,30102,2025-01-28,push_cashback,push,CASHBACK_5,1
h-01984,30102,2025-02-11,call_collect,call,COLLECT_01,1
h-01985,30102,2025-03-08,push_cashback,push,CASHBACK_5,1
h-01986,30102,2025-03-30,call_collect,call,COLLECT_01,0
h-01987,30102,2025-04-15,sms_cashback,sms,CASHBACK_5,0
h-01988,30102,2025-05-12,email_cashback,email,CASHBACK_5,1
h-01989,30102,2025-05-23,sms_cashback,sms,CASHBACK_5,1
h-01990,30102,2025-06-12,push_service,push,PUSH_ON,0
h-01991,30102,2025-06-25,sms_refinance,sms,REFIN_12,1
h-01992,30102,2025-07-10,email_cashback,email,CASHBACK_5,0
h-01993,30102,2025-07-27,call_collect,call,COLLECT_01,0
h-01994,30102,2025-08-18,push_service,push,PUSH_ON,0
h-01995,30102,2025-08-28,push_service,push,PUSH_ON,0
h-01996,30102,2025-09-22,push_cashback,push,CASHBACK_5,1
h-01997,30103,2025-01-14,sms_refinance,sms,REFIN_12,1
h-01998,30103,2025-02-09,sms_refinance,sms,REFIN_12,0
h-01999,30103,2025-02-23,email_cashback,email,CASHBACK_5,0
h-02000,30103,2025-03-21,push_service,push,PUSH_ON,0
h-02001,30103,2025-04-11,push_cashback,push,CASHBACK_5,0
h-02002,30103,2025-05-01,push_cashback,push,CASHBACK_5,0
h-02003,30103,2025-05-14,sms_cashback,sms,CASHBACK_5,1
h-02004,30103,2025-06-07,push_cashback,push,CASHBACK_5,0
h-02005,30103,2025-07-03,push_service,push,PUSH_ON,0
h-02006,30103,2025-07-27,sms_refinance,sms,REFIN_12,0
h-02007,30103,2025-08-14,push_service,push,PUSH_ON,0
h-02008,30103,2025-08-22,sms_refinance,sms,REFIN_12,0
h-02009,30103,2025-09-08,email_cashback,email,CASHBACK_5,0
h-02010,30103,2025-09-23,call_collect,call,COLLECT_01,0
h-02011,30103,2025-10-13,sms_cashback,sms,CASHBACK_5,0
h-02012,30103,2025-10-24,sms_refinance,sms,REFIN_12,0
h-02013,30103,2025-11-17,call_collect,call,COLLECT_01,1
h-02014,30103,2025-12-13,sms_cashback,sms,CASHBACK_5,1
h-02015,30103,2025-12-22,push_service,push,PUSH_ON,0
h-02016,30103,2026-01-02,sms_refinance,sms,REFIN_12,0
h-02017,30103,2026-01-26,sms_refinance,sms,REFIN_12,0
h-02018,30103,2026-02-23,call_collect,call,COLLECT_01,0
h-02019,30103,2026-03-19,sms_cashback,sms,CASHBACK_5,0
h-02020,30103,2026-04-16,push_cashback,push,CASHBACK_5,0
h-02021,30103,2026-04-30,push_service,push,PUSH_ON,1
h-02022,30103,2026-05-25,push_service,push,PUSH_ON,0
h-02023,30104,2025-02-02,push_service,push,PUSH_ON,0
h-02024,30104,2025-03-02,push_service,push,PUSH_ON,1
h-02025,30104,2025-03-22,push_cashback,push,CASHBACK_5,0
h-02026,30104,2025-03-30,push_service,push,PUSH_ON,0
h-02027,30104,2025-04-12,sms_refinance,sms,REFIN_12,0
h-02028,30104,2025-04-24,sms_cashback,sms,CASHBACK_5,0
h-02029,30104,2025-05-04,call_collect,call,COLLECT_01,1
h-02030,30104,2025-05-24,sms_cashback,sms,CASHBACK_5,0
h-02031,30104,2025-06-17,push_service,push,PUSH_ON,0
h-02032,30104,2025-07-10,push_service,push,PUSH_ON,0
h-02033,30104,2025-07-27,sms_cashback,sms,CASHBACK_5,0
h-02034,30104,2025-08-18,push_cashback,push,CASHBACK_5,0
h-02035,30104,2025-08-27,push_cashback,push,CASHBACK_5,0
h-02036,30104,2025-09-09,push_cashback,push,CASHBACK_5,0
h-02037,30105,2025-01-14,sms_cashback,sms,CASHBACK_5,1
h-02038,30105,2025-01-31,push_service,push,PUSH_ON,0
h-02039,30105,2025-02-17,push_service,push,PUSH_ON,0
h-02040,30105,2025-03-06,sms_cashback,sms,CASHBACK_5,1
h-02041,30105,2025-03-22,push_service,push,PUSH_ON,0
h-02042,30105,2025-04-08,push_cashback,push,CASHBACK_5,0
h-02043,30105,2025-04-18,sms_refinance,sms,REFIN_12,0
h-02044,30105,2025-05-13,push_service,push,PUSH_ON,1
h-02045,30105,2025-05-22,sms_refinance,sms,REFIN_12,0
h-02046,30105,2025-05-30,sms_refinance,sms,REFIN_12,0
h-02047,30105,2025-06-13,call_collect,call,COLLECT_01,0
h-02048,30105,2025-06-22,push_cashback,push,CASHBACK_5,0
h-02049,30105,2025-07-15,push_service,push,PUSH_ON,0
h-02050,30105,2025-08-03,call_collect,call,COLLECT_01,0
h-02051,30105,2025-08-28,sms_cashback,sms,CASHBACK_5,0
h-02052,30105,2025-09-07,email_cashback,email,CASHBACK_5,0
h-02053,30105,2025-09-28,email_cashback,email,CASHBACK_5,0
h-02054,30105,2025-10-24,push_cashback,push,CASHBACK_5,0
h-02055,30105,2025-11-01,sms_cashback,sms,CASHBACK_5,0
h-02056,30105,2025-11-27,push_credit,push,CC_LIMIT,0
h-02057,30106,2025-01-26,push_cashback,push,CASHBACK_5,0
h-02058,30106,2025-02-19,push_cashback,push,CASHBACK_5,1
h-02059,30106,2025-02-28,push_cashback,push,CASHBACK_5,1
h-02060,30106,2025-03-10,sms_cashback,sms,CASHBACK_5,0
h-02061,30106,2025-04-07,call_collect,call,COLLECT_01,0
h-02062,30106,2025-04-16,call_collect,call,COLLECT_01,0
h-02063,30106,2025-05-06,sms_refinance,sms,REFIN_12,0
h-02064,30106,2025-05-27,sms_refinance,sms,REFIN_12,1
h-02065,30106,2025-06-19,sms_refinance,sms,REFIN_12,0
h-02066,30106,2025-07-01,push_cashback,push,CASHBACK_5,1
h-02067,30106,2025-07-09,sms_cashback,sms,CASHBACK_5,0
h-02068,30106,2025-07-28,email_cashback,email,CASHBACK_5,0
h-02069,30106,2025-08-13,push_service,push,PUSH_ON,0
h-02070,30106,2025-09-06,sms_refinance,sms,REFIN_12,0
h-02071,30106,2025-09-21,push_credit,push,CC_LIMIT,0
h-02072,30106,2025-10-11,push_cashback,push,CASHBACK_5,0
h-02073,30106,2025-11-01,push_service,push,PUSH_ON,0
h-02074,30106,2025-11-10,sms_refinance,sms,REFIN_12,1
h-02075,30106,2025-12-02,sms_refinance,sms,REFIN_12,0
h-02076,30106,2025-12-15,push_service,push,PUSH_ON,1
h-02077,30106,2025-12-24,push_credit,push,CC_LIMIT,0
h-02078,30106,2026-01-15,push_service,push,PUSH_ON,1
h-02079,30106,2026-02-09,push_service,push,PUSH_ON,0
h-02080,30106,2026-02-28,call_collect,call,COLLECT_01,0
h-02081,30106,2026-03-21,push_service,push,PUSH_ON,1
h-02082,30107,2025-01-17,email_cashback,email,CASHBACK_5,0
h-02083,30107,2025-02-02,sms_cashback,sms,CASHBACK_5,0
h-02084,30107,2025-02-12,push_cashback,push,CASHBACK_5,0
h-02085,30107,2025-02-28,sms_cashback,sms,CASHBACK_5,0
h-02086,30107,2025-03-24,push_cashback,push,CASHBACK_5,1
h-02087,30107,2025-04-05,push_cashback,push,CASHBACK_5,1
h-02088,30107,2025-04-24,sms_refinance,sms,REFIN_12,0
h-02089,30107,2025-05-09,push_cashback,push,CASHBACK_5,0
h-02090,30107,2025-05-27,call_collect,call,COLLECT_01,0
h-02091,30107,2025-06-10,push_cashback,push,CASHBACK_5,1
h-02092,30107,2025-06-18,push_credit,push,CC_LIMIT,0
h-02093,30107,2025-07-06,email_cashback,email,CASHBACK_5,0
h-02094,30107,2025-07-20,push_credit,push,CC_LIMIT,0
h-02095,30107,2025-08-02,push_credit,push,CC_LIMIT,0
h-02096,30107,2025-08-12,email_cashback,email,CASHBACK_5,0
h-02097,30107,2025-08-26,sms_cashback,sms,CASHBACK_5,0
h-02098,30107,2025-09-13,push_service,push,PUSH_ON,0
h-02099,30107,2025-09-25,sms_cashback,sms,CASHBACK_5,0
h-02100,30107,2025-10-15,push_cashback,push,CASHBACK_5,0
h-02101,30107,2025-11-07,email_cashback,email,CASHBACK_5,0
h-02102,30108,2025-01-20,sms_cashback,sms,CASHBACK_5,0
h-02103,30108,2025-02-04,push_cashback,push,CASHBACK_5,0
h-02104,30108,2025-02-15,push_cashback,push,CASHBACK_5,1
h-02105,30108,2025-02-23,push_credit,push,CC_LIMIT,0
h-02106,30108,2025-03-16,call_collect,call,COLLECT_01,0
h-02107,30108,2025-03-26,call_collect,call,COLLECT_01,0
h-02108,30108,2025-04-10,push_cashback,push,CASHBACK_5,1
h-02109,30108,2025-04-25,push_service,push,PUSH_ON,0
h-02110,30108,2025-05-16,push_cashback,push,CASHBACK_5,1
h-02111,30108,2025-06-03,push_credit,push,CC_LIMIT,0
h-02112,30108,2025-07-01,push_cashback,push,CASHBACK_5,0
h-02113,30108,2025-07-12,call_collect,call,COLLECT_01,0
h-02114,30108,2025-07-31,email_cashback,email,CASHBACK_5,0
h-02115,30108,2025-08-09,email_cashback,email,CASHBACK_5,0
h-02116,30108,2025-08-27,email_cashback,email,CASHBACK_5,0
h-02117,30109,2025-01-21,push_cashback,push,CASHBACK_5,1
h-02118,30109,2025-02-08,call_collect,call,COLLECT_01,0
h-02119,30109,2025-02-22,call_collect,call,COLLECT_01,0
h-02120,30109,2025-03-11,push_credit,push,CC_LIMIT,0
h-02121,30109,2025-04-04,push_cashback,push,CASHBACK_5,0
h-02122,30109,2025-04-26,push_service,push,PUSH_ON,1
h-02123,30109,2025-05-17,sms_cashback,sms,CASHBACK_5,0
h-02124,30109,2025-05-29,sms_cashback,sms,CASHBACK_5,0
h-02125,30109,2025-06-13,push_cashback,push,CASHBACK_5,1
h-02126,30109,2025-07-01,push_credit,push,CC_LIMIT,0
h-02127,30109,2025-07-13,push_service,push,PUSH_ON,0
h-02128,30109,2025-07-29,push_service,push,PUSH_ON,1
h-02129,30109,2025-08-11,push_service,push,PUSH_ON,0
h-02130,30109,2025-08-28,push_credit,push,CC_LIMIT,0
h-02131,30109,2025-09-21,push_credit,push,CC_LIMIT,0
h-02132,30109,2025-10-17,sms_cashback,sms,CASHBACK_5,0
h-02133,30109,2025-11-09,email_cashback,email,CASHBACK_5,1
h-02134,30109,2025-11-24,push_cashback,push,CASHBACK_5,1
h-02135,30109,2025-12-18,sms_refinance,sms,REFIN_12,0
h-02136,30109,2026-01-12,push_service,push,PUSH_ON,1
h-02137,30109,2026-02-02,sms_refinance,sms,REFIN_12,0
h-02138,30109,2026-02-20,email_cashback,email,CASHBACK_5,0
h-02139,30110,2025-01-28,sms_cashback,sms,CASHBACK_5,0
h-02140,30110,2025-02-22,sms_cashback,sms,CASHBACK_5,0
h-02141,30110,2025-03-16,push_cashback,push,CASHBACK_5,0
h-02142,30110,2025-04-06,call_collect,call,COLLECT_01,1
h-02143,30110,2025-05-04,sms_refinance,sms,REFIN_12,0
h-02144,30110,2025-05-19,sms_refinance,sms,REFIN_12,0
h-02145,30110,2025-06-06,push_cashback,push,CASHBACK_5,0
h-02146,30110,2025-06-23,push_cashback,push,CASHBACK_5,0
h-02147,30110,2025-07-01,push_cashback,push,CASHBACK_5,0
h-02148,30110,2025-07-14,push_credit,push,CC_LIMIT,0
h-02149,30110,2025-08-05,sms_cashback,sms,CASHBACK_5,1
h-02150,30110,2025-08-17,push_service,push,PUSH_ON,0
h-02151,30110,2025-08-26,call_collect,call,COLLECT_01,0
h-02152,30110,2025-09-15,sms_refinance,sms,REFIN_12,1
h-02153,30110,2025-09-30,push_service,push,PUSH_ON,1
h-02154,30110,2025-10-11,push_service,push,PUSH_ON,0
h-02155,30110,2025-10-19,push_service,push,PUSH_ON,1
h-02156,30110,2025-10-28,push_service,push,PUSH_ON,1
h-02157,30110,2025-11-10,push_service,push,PUSH_ON,1
h-02158,30110,2025-11-22,sms_cashback,sms,CASHBACK_5,1
h-02159,30110,2025-12-09,call_collect,call,COLLECT_01,1
h-02160,30110,2025-12-23,push_service,push,PUSH_ON,0
h-02161,30111,2025-01-30,email_cashback,email,CASHBACK_5,0
h-02162,30111,2025-02-20,sms_refinance,sms,REFIN_12,0
h-02163,30111,2025-03-04,call_collect,call,COLLECT_01,0
h-02164,30111,2025-03-20,email_cashback,email,CASHBACK_5,0
h-02165,30111,2025-03-30,push_cashback,push,CASHBACK_5,0
h-02166,30111,2025-04-12,push_service,push,PUSH_ON,0
h-02167,30111,2025-04-25,push_cashback,push,CASHBACK_5,1
h-02168,30111,2025-05-23,sms_refinance,sms,REFIN_12,0
h-02169,30111,2025-06-20,email_cashback,email,CASHBACK_5,0
h-02170,30111,2025-07-07,call_collect,call,COLLECT_01,0
h-02171,30111,2025-07-24,call_collect,call,COLLECT_01,0
h-02172,30111,2025-08-15,email_cashback,email,CASHBACK_5,0
h-02173,30111,2025-08-26,sms_refinance,sms,REFIN_12,0
h-02174,30111,2025-09-07,sms_cashback,sms,CASHBACK_5,0
h-02175,30111,2025-09-30,push_credit,push,CC_LIMIT,0
h-02176,30111,2025-10-27,sms_refinance,sms,REFIN_12,0
h-02177,30111,2025-11-11,call_collect,call,COLLECT_01,1
h-02178,30111,2025-11-20,push_credit,push,CC_LIMIT,0
h-02179,30111,2025-12-16,call_collect,call,COLLECT_01,0
h-02180,30111,2025-12-24,push_service,push,PUSH_ON,0
h-02181,30111,2026-01-09,push_credit,push,CC_LIMIT,1
h-02182,30111,2026-02-01,push_cashback,push,CASHBACK_5,0
h-02183,30111,2026-02-27,push_service,push,PUSH_ON,0
h-02184,30111,2026-03-27,push_cashback,push,CASHBACK_5,1
h-02185,30111,2026-04-04,push_cashback,push,CASHBACK_5,0
h-02186,30112,2025-01-26,sms_refinance,sms,REFIN_12,0
h-02187,30112,2025-02-03,sms_refinance,sms,REFIN_12,0
h-02188,30112,2025-02-21,call_collect,call,COLLECT_01,0
h-02189,30112,2025-03-21,push_service,push,PUSH_ON,0
h-02190,30112,2025-04-01,sms_cashback,sms,CASHBACK_5,0
h-02191,30112,2025-04-12,email_cashback,email,CASHBACK_5,0
h-02192,30112,2025-04-27,call_collect,call,COLLECT_01,0
h-02193,30112,2025-05-23,push_cashback,push,CASHBACK_5,0
h-02194,30112,2025-06-10,sms_cashback,sms,CASHBACK_5,0
h-02195,30112,2025-06-19,sms_refinance,sms,REFIN_12,0
h-02196,30112,2025-06-27,push_cashback,push,CASHBACK_5,0
h-02197,30112,2025-07-08,call_collect,call,COLLECT_01,0
h-02198,30112,2025-07-27,sms_cashback,sms,CASHBACK_5,0
h-02199,30112,2025-08-16,push_cashback,push,CASHBACK_5,0
h-02200,30112,2025-08-30,sms_refinance,sms,REFIN_12,1
h-02201,30112,2025-09-24,push_credit,push,CC_LIMIT,0
h-02202,30112,2025-10-16,sms_refinance,sms,REFIN_12,0
h-02203,30112,2025-11-09,push_service,push,PUSH_ON,0
h-02204,30112,2025-11-26,sms_refinance,sms,REFIN_12,0
h-02205,30112,2025-12-04,sms_refinance,sms,REFIN_12,0
h-02206,30112,2025-12-16,push_cashback,push,CASHBACK_5,0
h-02207,30112,2026-01-01,push_credit,push,CC_LIMIT,0
h-02208,30112,2026-01-15,call_collect,call,COLLECT_01,0
h-02209,30113,2025-01-24,push_credit,push,CC_LIMIT,0
h-02210,30113,2025-02-16,sms_cashback,sms,CASHBACK_5,0
h-02211,30113,2025-03-05,call_collect,call,COLLECT_01,0
h-02212,30113,2025-04-01,push_credit,push,CC_LIMIT,0
h-02213,30113,2025-04-13,push_service,push,PUSH_ON,1
h-02214,30113,2025-05-08,call_collect,call,COLLECT_01,0
h-02215,30113,2025-05-31,push_cashback,push,CASHBACK_5,0
h-02216,30113,2025-06-14,sms_cashback,sms,CASHBACK_5,1
h-02217,30113,2025-07-08,call_collect,call,COLLECT_01,0
h-02218,30113,2025-07-30,push_credit,push,CC_LIMIT,0
h-02219,30113,2025-08-08,email_cashback,email,CASHBACK_5,0
h-02220,30113,2025-08-27,push_cashback,push,CASHBACK_5,1
h-02221,30113,2025-09-17,sms_cashback,sms,CASHBACK_5,0
h-02222,30113,2025-10-10,push_credit,push,CC_LIMIT,0
h-02223,30113,2025-10-18,sms_cashback,sms,CASHBACK_5,0
h-02224,30114,2025-01-24,sms_cashback,sms,CASHBACK_5,0
h-02225,30114,2025-02-10,email_cashback,email,CASHBACK_5,0
h-02226,30114,2025-03-04,push_service,push,PUSH_ON,1
h-02227,30114,2025-03-22,sms_cashback,sms,CASHBACK_5,0
h-02228,30114,2025-03-31,sms_cashback,sms,CASHBACK_5,0
h-02229,30114,2025-04-28,sms_cashback,sms,CASHBACK_5,1
h-02230,30114,2025-05-24,push_service,push,PUSH_ON,0
h-02231,30114,2025-06-17,push_service,push,PUSH_ON,0
h-02232,30114,2025-07-09,sms_refinance,sms,REFIN_12,0
h-02233,30114,2025-07-29,push_service,push,PUSH_ON,0
h-02234,30114,2025-08-15,sms_cashback,sms,CASHBACK_5,1
h-02235,30114,2025-09-06,push_service,push,PUSH_ON,1
h-02236,30114,2025-10-01,push_cashback,push,CASHBACK_5,1
h-02237,30114,2025-10-21,email_cashback,email,CASHBACK_5,0
h-02238,30114,2025-11-06,email_cashback,email,CASHBACK_5,0
h-02239,30114,2025-11-26,sms_cashback,sms,CASHBACK_5,0
h-02240,30115,2025-01-30,sms_cashback,sms,CASHBACK_5,0
h-02241,30115,2025-02-27,push_credit,push,CC_LIMIT,0
h-02242,30115,2025-03-24,sms_cashback,sms,CASHBACK_5,1
h-02243,30115,2025-04-10,email_cashback,email,CASHBACK_5,0
h-02244,30115,2025-04-22,call_collect,call,COLLECT_01,0
h-02245,30115,2025-05-02,push_cashback,push,CASHBACK_5,0
h-02246,30115,2025-05-12,push_credit,push,CC_LIMIT,0
h-02247,30115,2025-05-27,push_cashback,push,CASHBACK_5,1
h-02248,30115,2025-06-12,call_collect,call,COLLECT_01,0
h-02249,30115,2025-07-08,push_service,push,PUSH_ON,0
h-02250,30115,2025-07-28,push_service,push,PUSH_ON,0
h-02251,30115,2025-08-07,sms_refinance,sms,REFIN_12,1
h-02252,30115,2025-08-15,push_service,push,PUSH_ON,0
h-02253,30115,2025-08-26,push_service,push,PUSH_ON,1
h-02254,30115,2025-09-04,sms_refinance,sms,REFIN_12,0
h-02255,30115,2025-09-26,call_collect,call,COLLECT_01,0
h-02256,30115,2025-10-24,push_credit,push,CC_LIMIT,1
h-02257,30115,2025-11-08,push_credit,push,CC_LIMIT,0
h-02258,30115,2025-11-24,push_service,push,PUSH_ON,0
h-02259,30115,2025-12-11,email_cashback,email,CASHBACK_5,1
h-02260,30115,2025-12-20,call_collect,call,COLLECT_01,0
h-02261,30115,2025-12-30,sms_cashback,sms,CASHBACK_5,0
h-02262,30115,2026-01-11,push_service,push,PUSH_ON,1
h-02263,30115,2026-02-03,sms_cashback,sms,CASHBACK_5,0
h-02264,30115,2026-02-17,push_service,push,PUSH_ON,0
h-02265,30115,2026-03-09,push_service,push,PUSH_ON,1
h-02266,30115,2026-03-26,push_cashback,push,CASHBACK_5,1
h-02267,30116,2025-01-29,sms_cashback,sms,CASHBACK_5,0
h-02268,30116,2025-02-11,sms_refinance,sms,REFIN_12,0
h-02269,30116,2025-02-25,push_cashback,push,CASHBACK_5,0
h-02270,30116,2025-03-09,push_credit,push,CC_LIMIT,1
h-02271,30116,2025-04-01,push_credit,push,CC_LIMIT,1
h-02272,30116,2025-04-19,push_cashback,push,CASHBACK_5,0
h-02273,30116,2025-05-06,sms_refinance,sms,REFIN_12,0
h-02274,30116,2025-06-02,push_service,push,PUSH_ON,1
h-02275,30116,2025-06-17,push_service,push,PUSH_ON,1
h-02276,30116,2025-06-29,sms_cashback,sms,CASHBACK_5,0
h-02277,30116,2025-07-11,sms_cashback,sms,CASHBACK_5,1
h-02278,30116,2025-08-08,email_cashback,email,CASHBACK_5,0
h-02279,30116,2025-09-02,email_cashback,email,CASHBACK_5,0
h-02280,30117,2025-01-18,push_credit,push,CC_LIMIT,0
h-02281,30117,2025-01-30,push_service,push,PUSH_ON,0
h-02282,30117,2025-02-27,sms_cashback,sms,CASHBACK_5,0
h-02283,30117,2025-03-21,email_cashback,email,CASHBACK_5,0
h-02284,30117,2025-04-10,sms_refinance,sms,REFIN_12,0
h-02285,30117,2025-04-25,push_cashback,push,CASHBACK_5,1
h-02286,30117,2025-05-13,push_cashback,push,CASHBACK_5,0
h-02287,30117,2025-06-06,push_service,push,PUSH_ON,0
h-02288,30117,2025-06-20,sms_refinance,sms,REFIN_12,0
h-02289,30117,2025-07-05,push_service,push,PUSH_ON,1
h-02290,30117,2025-07-13,push_credit,push,CC_LIMIT,0
h-02291,30117,2025-07-28,push_service,push,PUSH_ON,1
h-02292,30117,2025-08-16,call_collect,call,COLLECT_01,1
h-02293,30117,2025-09-08,push_cashback,push,CASHBACK_5,0
h-02294,30117,2025-10-05,call_collect,call,COLLECT_01,1
h-02295,30117,2025-10-20,push_credit,push,CC_LIMIT,0
h-02296,30117,2025-11-07,sms_refinance,sms,REFIN_12,0
h-02297,30117,2025-11-28,email_cashback,email,CASHBACK_5,0
h-02298,30117,2025-12-24,push_service,push,PUSH_ON,0
h-02299,30117,2026-01-14,push_credit,push,CC_LIMIT,0
h-02300,30117,2026-01-24,call_collect,call,COLLECT_01,0
h-02301,30118,2025-01-31,sms_cashback,sms,CASHBACK_5,1
h-02302,30118,2025-02-09,sms_refinance,sms,REFIN_12,0
h-02303,30118,2025-02-23,push_cashback,push,CASHBACK_5,0
h-02304,30118,2025-03-05,push_service,push,PUSH_ON,0
h-02305,30118,2025-03-31,sms_refinance,sms,REFIN_12,0
h-02306,30118,2025-04-19,sms_refinance,sms,REFIN_12,1
h-02307,30118,2025-05-16,push_cashback,push,CASHBACK_5,1
h-02308,30118,2025-06-01,sms_cashback,sms,CASHBACK_5,0
h-02309,30118,2025-06-15,push_cashback,push,CASHBACK_5,0
h-02310,30118,2025-07-05,push_service,push,PUSH_ON,0
h-02311,30118,2025-07-18,sms_cashback,sms,CASHBACK_5,0
h-02312,30118,2025-08-04,push_cashback,push,CASHBACK_5,0
h-02313,30118,2025-08-24,push_service,push,PUSH_ON,0
h-02314,30118,2025-09-14,push_service,push,PUSH_ON,1
h-02315,30118,2025-10-10,push_cashback,push,CASHBACK_5,0
h-02316,30118,2025-11-02,push_cashback,push,CASHBACK_5,1
h-02317,30118,2025-11-29,email_cashback,email,CASHBACK_5,0
h-02318,30119,2025-01-31,push_service,push,PUSH_ON,0
h-02319,30119,2025-02-15,email_cashback,email,CASHBACK_5,0
h-02320,30119,2025-03-11,call_collect,call,COLLECT_01,0
h-02321,30119,2025-03-31,push_service,push,PUSH_ON,0
h-02322,30119,2025-04-26,push_service,push,PUSH_ON,1
h-02323,30119,2025-05-16,call_collect,call,COLLECT_01,0
h-02324,30119,2025-06-13,push_credit,push,CC_LIMIT,0
h-02325,30119,2025-06-27,sms_cashback,sms,CASHBACK_5,0
h-02326,30119,2025-07-17,call_collect,call,COLLECT_01,0
h-02327,30119,2025-08-03,sms_cashback,sms,CASHBACK_5,0
h-02328,30119,2025-08-11,sms_refinance,sms,REFIN_12,0
h-02329,30119,2025-08-28,push_cashback,push,CASHBACK_5,0
h-02330,30119,2025-09-19,push_credit,push,CC_LIMIT,0
h-02331,30120,2025-02-02,sms_refinance,sms,REFIN_12,0
h-02332,30120,2025-02-21,push_credit,push,CC_LIMIT,0
h-02333,30120,2025-03-19,sms_cashback,sms,CASHBACK_5,0
h-02334,30120,2025-04-05,sms_refinance,sms,REFIN_12,0
h-02335,30120,2025-04-26,email_cashback,email,CASHBACK_5,0
h-02336,30120,2025-05-12,sms_refinance,sms,REFIN_12,0
h-02337,30120,2025-05-20,sms_refinance,sms,REFIN_12,0
h-02338,30120,2025-06-14,push_cashback,push,CASHBACK_5,0
h-02339,30120,2025-06-28,sms_refinance,sms,REFIN_12,0
h-02340,30120,2025-07-08,sms_cashback,sms,CASHBACK_5,0
h-02341,30120,2025-07-21,sms_refinance,sms,REFIN_12,0
h-02342,30120,2025-07-29,email_cashback,email,CASHBACK_5,1
h-02343,30120,2025-08-26,sms_refinance,sms,REFIN_12,0
h-02344,30120,2025-09-14,call_collect,call,COLLECT_01,0
h-02345,30120,2025-09-29,push_service,push,PUSH_ON,0
h-02346,30120,2025-10-25,push_service,push,PUSH_ON,0
h-02347,30120,2025-11-07,sms_cashback,sms,CASHBACK_5,1
h-02348,30120,2025-12-01,sms_cashback,sms,CASHBACK_5,0
h-02349,30120,2025-12-27,email_cashback,email,CASHBACK_5,0
h-02350,30120,2026-01-11,push_service,push,PUSH_ON,0
h-02351,30120,2026-02-03,sms_refinance,sms,REFIN_12,0
h-02352,30120,2026-02-14,sms_cashback,sms,CASHBACK_5,0
h-02353,30121,2025-01-24,push_cashback,push,CASHBACK_5,1
h-02354,30121,2025-02-08,push_service,push,PUSH_ON,0
h-02355,30121,2025-03-03,push_cashback,push,CASHBACK_5,0
h-02356,30121,2025-03-17,push_service,push,PUSH_ON,0
h-02357,30121,2025-03-31,email_cashback,email,CASHBACK_5,0
h-02358,30121,2025-04-23,sms_cashback,sms,CASHBACK_5,1
h-02359,30121,2025-05-20,email_cashback,email,CASHBACK_5,0
h-02360,30121,2025-06-05,sms_cashback,sms,CASHBACK_5,0
h-02361,30121,2025-06-15,push_cashback,push,CASHBACK_5,0
h-02362,30121,2025-07-12,push_service,push,PUSH_ON,1
h-02363,30121,2025-08-05,push_cashback,push,CASHBACK_5,0
h-02364,30121,2025-08-19,push_cashback,push,CASHBACK_5,0
h-02365,30122,2025-01-14,sms_cashback,sms,CASHBACK_5,0
h-02366,30122,2025-01-22,sms_refinance,sms,REFIN_12,0
h-02367,30122,2025-02-04,call_collect,call,COLLECT_01,0
h-02368,30122,2025-02-25,push_service,push,PUSH_ON,0
h-02369,30122,2025-03-08,email_cashback,email,CASHBACK_5,0
h-02370,30122,2025-04-03,push_service,push,PUSH_ON,0
h-02371,30122,2025-04-22,call_collect,call,COLLECT_01,0
h-02372,30122,2025-05-15,sms_refinance,sms,REFIN_12,0
h-02373,30122,2025-06-06,call_collect,call,COLLECT_01,1
h-02374,30122,2025-06-17,push_service,push,PUSH_ON,0
h-02375,30122,2025-06-27,call_collect,call,COLLECT_01,0
h-02376,30122,2025-07-20,sms_refinance,sms,REFIN_12,0
h-02377,30122,2025-08-07,push_cashback,push,CASHBACK_5,0
h-02378,30122,2025-08-28,push_cashback,push,CASHBACK_5,1
h-02379,30122,2025-09-17,push_cashback,push,CASHBACK_5,0
h-02380,30122,2025-10-07,call_collect,call,COLLECT_01,0
h-02381,30122,2025-10-30,sms_refinance,sms,REFIN_12,1
h-02382,30122,2025-11-20,call_collect,call,COLLECT_01,0
h-02383,30122,2025-12-01,call_collect,call,COLLECT_01,0
h-02384,30122,2025-12-19,email_cashback,email,CASHBACK_5,0
h-02385,30122,2026-01-16,sms_refinance,sms,REFIN_12,1
h-02386,30122,2026-01-27,call_collect,call,COLLECT_01,0
h-02387,30123,2025-02-02,push_cashback,push,CASHBACK_5,1
h-02388,30123,2025-02-19,sms_cashback,sms,CASHBACK_5,0
h-02389,30123,2025-03-17,sms_cashback,sms,CASHBACK_5,1
h-02390,30123,2025-04-07,push_credit,push,CC_LIMIT,0
h-02391,30123,2025-05-03,push_service,push,PUSH_ON,0
h-02392,30123,2025-05-28,push_service,push,PUSH_ON,0
h-02393,30123,2025-06-18,push_cashback,push,CASHBACK_5,0
h-02394,30123,2025-07-11,push_cashback,push,CASHBACK_5,0
h-02395,30123,2025-08-08,push_credit,push,CC_LIMIT,0
h-02396,30123,2025-08-17,call_collect,call,COLLECT_01,0
h-02397,30123,2025-09-10,push_service,push,PUSH_ON,0
h-02398,30123,2025-09-25,call_collect,call,COLLECT_01,0
h-02399,30123,2025-10-09,sms_cashback,sms,CASHBACK_5,0
h-02400,30123,2025-10-21,push_service,push,PUSH_ON,0
h-02401,30123,2025-11-03,push_service,push,PUSH_ON,0
h-02402,30123,2025-11-19,sms_cashback,sms,CASHBACK_5,0
h-02403,30123,2025-12-03,sms_refinance,sms,REFIN_12,0
h-02404,30123,2025-12-17,sms_cashback,sms,CASHBACK_5,0
h-02405,30123,2025-12-30,push_service,push,PUSH_ON,1
h-02406,30123,2026-01-07,sms_cashback,sms,CASHBACK_5,1
h-02407,30124,2025-01-31,call_collect,call,COLLECT_01,0
h-02408,30124,2025-02-26,push_cashback,push,CASHBACK_5,1
h-02409,30124,2025-03-10,email_cashback,email,CASHBACK_5,0
h-02410,30124,2025-04-05,push_cashback,push,CASHBACK_5,0
h-02411,30124,2025-04-21,push_credit,push,CC_LIMIT,0
h-02412,30124,2025-04-29,push_service,push,PUSH_ON,0
h-02413,30124,2025-05-25,sms_refinance,sms,REFIN_12,0
h-02414,30124,2025-06-19,sms_cashback,sms,CASHBACK_5,0
h-02415,30124,2025-07-16,email_cashback,email,CASHBACK_5,0
h-02416,30124,2025-08-02,sms_cashback,sms,CASHBACK_5,1
h-02417,30124,2025-08-14,push_service,push,PUSH_ON,0
h-02418,30124,2025-09-08,sms_cashback,sms,CASHBACK_5,0
h-02419,30124,2025-09-25,push_service,push,PUSH_ON,0
h-02420,30124,2025-10-12,push_service,push,PUSH_ON,0
h-02421,30124,2025-10-20,call_collect,call,COLLECT_01,1
h-02422,30124,2025-11-10,sms_cashback,sms,CASHBACK_5,0
h-02423,30125,2025-01-15,push_cashback,push,CASHBACK_5,1
h-02424,30125,2025-02-07,sms_cashback,sms,CASHBACK_5,0
h-02425,30125,2025-02-28,email_cashback,email,CASHBACK_5,0
h-02426,30125,2025-03-27,push_cashback,push,CASHBACK_5,1
h-02427,30125,2025-04-11,push_service,push,PUSH_ON,0
h-02428,30125,2025-05-04,push_credit,push,CC_LIMIT,0
h-02429,30125,2025-05-14,push_service,push,PUSH_ON,0
h-02430,30125,2025-05-26,sms_cashback,sms,CASHBACK_5,0
h-02431,30125,2025-06-04,push_cashback,push,CASHBACK_5,1
h-02432,30125,2025-06-14,sms_refinance,sms,REFIN_12,0
h-02433,30125,2025-07-09,push_service,push,PUSH_ON,0
h-02434,30125,2025-08-05,email_cashback,email,CASHBACK_5,0
h-02435,30125,2025-08-23,push_cashback,push,CASHBACK_5,0
h-02436,30125,2025-09-10,call_collect,call,COLLECT_01,1
h-02437,30125,2025-10-05,call_collect,call,COLLECT_01,0
h-02438,30125,2025-10-26,email_cashback,email,CASHBACK_5,1
h-02439,30126,2025-01-14,push_cashback,push,CASHBACK_5,1
h-02440,30126,2025-02-01,call_collect,call,COLLECT_01,0
h-02441,30126,2025-02-26,sms_cashback,sms,CASHBACK_5,1
h-02442,30126,2025-03-12,push_cashback,push,CASHBACK_5,1
h-02443,30126,2025-04-07,push_cashback,push,CASHBACK_5,1
h-02444,30126,2025-04-24,sms_cashback,sms,CASHBACK_5,0
h-02445,30126,2025-05-03,push_cashback,push,CASHBACK_5,0
h-02446,30126,2025-05-23,push_cashback,push,CASHBACK_5,1
h-02447,30126,2025-06-06,push_service,push,PUSH_ON,0
h-02448,30126,2025-07-03,email_cashback,email,CASHBACK_5,0
h-02449,30126,2025-07-21,call_collect,call,COLLECT_01,0
h-02450,30126,2025-08-16,sms_cashback,sms,CASHBACK_5,0
h-02451,30126,2025-08-27,sms_cashback,sms,CASHBACK_5,0
h-02452,30126,2025-09-16,push_cashback,push,CASHBACK_5,0
h-02453,30127,2025-02-01,push_credit,push,CC_LIMIT,0
h-02454,30127,2025-02-14,push_cashback,push,CASHBACK_5,0
h-02455,30127,2025-02-28,push_service,push,PUSH_ON,1
h-02456,30127,2025-03-13,email_cashback,email,CASHBACK_5,0
h-02457,30127,2025-03-28,call_collect,call,COLLECT_01,0
h-02458,30127,2025-04-10,sms_cashback,sms,CASHBACK_5,0
h-02459,30127,2025-04-18,push_credit,push,CC_LIMIT,0
h-02460,30127,2025-05-14,sms_refinance,sms,REFIN_12,1
h-02461,30127,2025-06-05,email_cashback,email,CASHBACK_5,0
h-02462,30127,2025-06-26,push_credit,push,CC_LIMIT,0
h-02463,30127,2025-07-15,push_credit,push,CC_LIMIT,0
h-02464,30127,2025-08-05,push_credit,push,CC_LIMIT,0
h-02465,30127,2025-08-26,push_service,push,PUSH_ON,1
h-02466,30127,2025-09-14,email_cashback,email,CASHBACK_5,0
h-02467,30127,2025-09-28,email_cashback,email,CASHBACK_5,0
h-02468,30127,2025-10-26,sms_refinance,sms,REFIN_12,0
h-02469,30127,2025-11-04,sms_refinance,sms,REFIN_12,0
h-02470,30127,2025-11-13,push_credit,push,CC_LIMIT,0
h-02471,30127,2025-11-23,email_cashback,email,CASHBACK_5,1
h-02472,30127,2025-12-07,email_cashback,email,CASHBACK_5,0
h-02473,30127,2025-12-24,push_service,push,PUSH_ON,1
h-02474,30127,2026-01-19,sms_cashback,sms,CASHBACK_5,0
h-02475,30127,2026-02-11,push_service,push,PUSH_ON,0
h-02476,30127,2026-03-08,email_cashback,email,CASHBACK_5,0
h-02477,30127,2026-04-04,push_cashback,push,CASHBACK_5,0
h-02478,30127,2026-04-20,sms_refinance,sms,REFIN_12,0
h-02479,30127,2026-05-04,sms_refinance,sms,REFIN_12,0
h-02480,30128,2025-01-14,sms_cashback,sms,CASHBACK_5,1
h-02481,30128,2025-02-04,email_cashback,email,CASHBACK_5,0
h-02482,30128,2025-02-24,push_cashback,push,CASHBACK_5,0
h-02483,30128,2025-03-17,call_collect,call,COLLECT_01,0
h-02484,30128,2025-04-01,push_credit,push,CC_LIMIT,0
h-02485,30128,2025-04-12,email_cashback,email,CASHBACK_5,1
h-02486,30128,2025-05-04,call_collect,call,COLLECT_01,0
h-02487,30128,2025-05-21,sms_cashback,sms,CASHBACK_5,0
h-02488,30128,2025-06-02,push_credit,push,CC_LIMIT,1
h-02489,30128,2025-06-16,email_cashback,email,CASHBACK_5,0
h-02490,30128,2025-07-10,sms_cashback,sms,CASHBACK_5,0
h-02491,30128,2025-08-03,push_cashback,push,CASHBACK_5,0
h-02492,30128,2025-08-21,push_credit,push,CC_LIMIT,0
h-02493,30128,2025-09-15,push_service,push,PUSH_ON,1
h-02494,30128,2025-09-23,push_cashback,push,CASHBACK_5,0
h-02495,30128,2025-10-01,email_cashback,email,CASHBACK_5,1
h-02496,30128,2025-10-12,email_cashback,email,CASHBACK_5,0
h-02497,30128,2025-10-21,call_collect,call,COLLECT_01,0
h-02498,30128,2025-11-06,push_credit,push,CC_LIMIT,0
h-02499,30128,2025-12-04,email_cashback,email,CASHBACK_5,1
h-02500,30128,2025-12-16,push_credit,push,CC_LIMIT,0
h-02501,30129,2025-01-21,email_cashback,email,CASHBACK_5,0
h-02502,30129,2025-02-09,push_service,push,PUSH_ON,0
h-02503,30129,2025-03-01,push_cashback,push,CASHBACK_5,0
h-02504,30129,2025-03-13,push_service,push,PUSH_ON,1
h-02505,30129,2025-03-24,push_service,push,PUSH_ON,1
h-02506,30129,2025-04-04,push_cashback,push,CASHBACK_5,0
h-02507,30129,2025-04-21,push_credit,push,CC_LIMIT,1
h-02508,30129,2025-04-30,push_credit,push,CC_LIMIT,0
h-02509,30129,2025-05-19,push_cashback,push,CASHBACK_5,0
h-02510,30129,2025-06-08,push_credit,push,CC_LIMIT,0
h-02511,30129,2025-07-05,sms_cashback,sms,CASHBACK_5,0
h-02512,30129,2025-07-16,push_service,push,PUSH_ON,1
h-02513,30130,2025-01-13,push_cashback,push,CASHBACK_5,0
h-02514,30130,2025-02-03,sms_cashback,sms,CASHBACK_5,0
h-02515,30130,2025-02-18,push_cashback,push,CASHBACK_5,0
h-02516,30130,2025-03-07,call_collect,call,COLLECT_01,0
h-02517,30130,2025-03-28,sms_cashback,sms,CASHBACK_5,0
h-02518,30130,2025-04-21,sms_cashback,sms,CASHBACK_5,0
h-02519,30130,2025-05-13,push_cashback,push,CASHBACK_5,0
h-02520,30130,2025-05-30,push_credit,push,CC_LIMIT,0
h-02521,30130,2025-06-24,push_cashback,push,CASHBACK_5,0
h-02522,30130,2025-07-04,push_credit,push,CC_LIMIT,0
h-02523,30130,2025-07-23,push_credit,push,CC_LIMIT,1
h-02524,30130,2025-08-16,sms_cashback,sms,CASHBACK_5,1
h-02525,30130,2025-09-13,push_cashback,push,CASHBACK_5,0
h-02526,30130,2025-10-02,sms_cashback,sms,CASHBACK_5,0
h-02527,30130,2025-10-19,sms_cashback,sms,CASHBACK_5,0
h-02528,30130,2025-10-29,push_cashback,push,CASHBACK_5,0
h-02529,30130,2025-11-11,push_cashback,push,CASHBACK_5,0
h-02530,30130,2025-11-23,push_service,push,PUSH_ON,0
h-02531,30130,2025-12-18,push_credit,push,CC_LIMIT,0
h-02532,30130,2026-01-08,push_service,push,PUSH_ON,1
h-02533,30130,2026-01-21,sms_cashback,sms,CASHBACK_5,1
h-02534,30130,2026-02-09,push_service,push,PUSH_ON,1
h-02535,30130,2026-03-04,push_cashback,push,CASHBACK_5,0
h-02536,30130,2026-03-12,push_cashback,push,CASHBACK_5,1
h-02537,30130,2026-03-20,sms_refinance,sms,REFIN_12,0
h-02538,30130,2026-04-06,push_cashback,push,CASHBACK_5,1
h-02539,30130,2026-05-01,call_collect,call,COLLECT_01,0
h-02540,30130,2026-05-23,sms_cashback,sms,CASHBACK_5,1
h-02541,30131,2025-02-01,push_credit,push,CC_LIMIT,0
h-02542,30131,2025-02-18,sms_refinance,sms,REFIN_12,0
h-02543,30131,2025-03-06,push_service,push,PUSH_ON,1
h-02544,30131,2025-03-30,email_cashback,email,CASHBACK_5,0
h-02545,30131,2025-04-23,push_credit,push,CC_LIMIT,1
h-02546,30131,2025-05-10,push_credit,push,CC_LIMIT,0
h-02547,30131,2025-06-01,push_credit,push,CC_LIMIT,0
h-02548,30131,2025-06-23,sms_refinance,sms,REFIN_12,0
h-02549,30131,2025-07-05,push_credit,push,CC_LIMIT,0
h-02550,30131,2025-08-02,call_collect,call,COLLECT_01,0
h-02551,30131,2025-08-23,push_service,push,PUSH_ON,0
h-02552,30131,2025-09-20,push_service,push,PUSH_ON,0
h-02553,30131,2025-10-08,sms_refinance,sms,REFIN_12,1
h-02554,30131,2025-10-19,sms_cashback,sms,CASHBACK_5,0
h-02555,30131,2025-11-09,push_service,push,PUSH_ON,1
h-02556,30131,2025-11-25,push_cashback,push,CASHBACK_5,0
h-02557,30131,2025-12-07,push_cashback,push,CASHBACK_5,1
h-02558,30131,2025-12-25,push_cashback,push,CASHBACK_5,0
h-02559,30131,2026-01-21,sms_refinance,sms,REFIN_12,0
h-02560,30131,2026-02-18,push_credit,push,CC_LIMIT,0
h-02561,30132,2025-01-21,push_cashback,push,CASHBACK_5,0
h-02562,30132,2025-01-30,push_cashback,push,CASHBACK_5,0
h-02563,30132,2025-02-08,push_cashback,push,CASHBACK_5,0
h-02564,30132,2025-02-22,call_collect,call,COLLECT_01,0
h-02565,30132,2025-03-14,sms_cashback,sms,CASHBACK_5,0
h-02566,30132,2025-03-25,call_collect,call,COLLECT_01,0
h-02567,30132,2025-04-04,sms_cashback,sms,CASHBACK_5,1
h-02568,30132,2025-04-14,push_cashback,push,CASHBACK_5,0
h-02569,30132,2025-05-01,sms_cashback,sms,CASHBACK_5,1
h-02570,30132,2025-05-19,push_cashback,push,CASHBACK_5,0
h-02571,30132,2025-06-04,email_cashback,email,CASHBACK_5,1
h-02572,30132,2025-06-18,sms_cashback,sms,CASHBACK_5,1
h-02573,30132,2025-06-28,push_service,push,PUSH_ON,0
h-02574,30132,2025-07-06,call_collect,call,COLLECT_01,0
h-02575,30132,2025-07-23,push_cashback,push,CASHBACK_5,0
h-02576,30132,2025-08-05,push_cashback,push,CASHBACK_5,0
h-02577,30132,2025-08-26,sms_refinance,sms,REFIN_12,0
h-02578,30132,2025-09-15,push_service,push,PUSH_ON,0
h-02579,30132,2025-10-01,push_cashback,push,CASHBACK_5,0
h-02580,30132,2025-10-27,push_service,push,PUSH_ON,1
h-02581,30132,2025-11-17,push_cashback,push,CASHBACK_5,0
h-02582,30132,2025-11-25,push_cashback,push,CASHBACK_5,0
h-02583,30132,2025-12-13,push_cashback,push,CASHBACK_5,0
h-02584,30132,2025-12-31,push_service,push,PUSH_ON,0
h-02585,30132,2026-01-13,email_cashback,email,CASHBACK_5,1
h-02586,30132,2026-01-21,push_cashback,push,CASHBACK_5,0
h-02587,30132,2026-02-02,push_cashback,push,CASHBACK_5,1
h-02588,30132,2026-02-25,push_service,push,PUSH_ON,1
h-02589,30133,2025-01-25,sms_cashback,sms,CASHBACK_5,0
h-02590,30133,2025-02-13,sms_cashback,sms,CASHBACK_5,0
h-02591,30133,2025-03-05,push_service,push,PUSH_ON,0
h-02592,30133,2025-03-28,push_cashback,push,CASHBACK_5,0
h-02593,30133,2025-04-23,push_service,push,PUSH_ON,1
h-02594,30133,2025-05-10,sms_refinance,sms,REFIN_12,0
h-02595,30133,2025-05-19,push_credit,push,CC_LIMIT,0
h-02596,30133,2025-05-30,push_credit,push,CC_LIMIT,0
h-02597,30133,2025-06-09,push_credit,push,CC_LIMIT,0
h-02598,30133,2025-06-25,push_credit,push,CC_LIMIT,0
h-02599,30133,2025-07-18,sms_cashback,sms,CASHBACK_5,0
h-02600,30133,2025-08-07,sms_cashback,sms,CASHBACK_5,0
h-02601,30134,2025-01-24,push_service,push,PUSH_ON,1
h-02602,30134,2025-02-06,push_service,push,PUSH_ON,0
h-02603,30134,2025-02-24,push_credit,push,CC_LIMIT,0
h-02604,30134,2025-03-09,push_cashback,push,CASHBACK_5,0
h-02605,30134,2025-04-06,email_cashback,email,CASHBACK_5,0
h-02606,30134,2025-04-25,push_service,push,PUSH_ON,0
h-02607,30134,2025-05-23,push_service,push,PUSH_ON,0
h-02608,30134,2025-06-02,push_service,push,PUSH_ON,0
h-02609,30134,2025-06-11,push_service,push,PUSH_ON,0
h-02610,30134,2025-07-06,sms_cashback,sms,CASHBACK_5,1
h-02611,30134,2025-07-22,email_cashback,email,CASHBACK_5,0
h-02612,30134,2025-08-12,email_cashback,email,CASHBACK_5,1
h-02613,30134,2025-08-28,sms_refinance,sms,REFIN_12,0
h-02614,30134,2025-09-07,sms_refinance,sms,REFIN_12,0
h-02615,30135,2025-01-19,push_cashback,push,CASHBACK_5,0
h-02616,30135,2025-02-08,sms_refinance,sms,REFIN_12,0
h-02617,30135,2025-02-18,call_collect,call,COLLECT_01,0
h-02618,30135,2025-03-02,sms_refinance,sms,REFIN_12,0
h-02619,30135,2025-03-24,push_credit,push,CC_LIMIT,0
h-02620,30135,2025-04-20,sms_refinance,sms,REFIN_12,0
h-02621,30135,2025-05-05,call_collect,call,COLLECT_01,0
h-02622,30135,2025-05-30,call_collect,call,COLLECT_01,1
h-02623,30135,2025-06-24,push_service,push,PUSH_ON,0
h-02624,30135,2025-07-19,call_collect,call,COLLECT_01,0
h-02625,30135,2025-08-02,push_credit,push,CC_LIMIT,0
h-02626,30135,2025-08-23,push_service,push,PUSH_ON,0
h-02627,30135,2025-09-14,sms_cashback,sms,CASHBACK_5,0
h-02628,30135,2025-10-05,email_cashback,email,CASHBACK_5,0
h-02629,30135,2025-10-18,sms_cashback,sms,CASHBACK_5,0
h-02630,30135,2025-10-27,sms_cashback,sms,CASHBACK_5,0
h-02631,30135,2025-11-04,push_service,push,PUSH_ON,1
h-02632,30135,2025-12-01,call_collect,call,COLLECT_01,0
h-02633,30135,2025-12-16,sms_cashback,sms,CASHBACK_5,1
h-02634,30135,2026-01-12,sms_cashback,sms,CASHBACK_5,0
h-02635,30135,2026-02-01,sms_refinance,sms,REFIN_12,0
h-02636,30135,2026-02-24,push_cashback,push,CASHBACK_5,1
h-02637,30135,2026-03-13,push_cashback,push,CASHBACK_5,0
h-02638,30135,2026-04-05,sms_cashback,sms,CASHBACK_5,0
h-02639,30135,2026-04-19,email_cashback,email,CASHBACK_5,0
h-02640,30135,2026-05-13,sms_cashback,sms,CASHBACK_5,0
h-02641,30135,2026-06-04,email_cashback,email,CASHBACK_5,0
h-02642,30135,2026-06-14,email_cashback,email,CASHBACK_5,0
h-02643,30136,2025-02-01,push_credit,push,CC_LIMIT,1
h-02644,30136,2025-02-10,push_cashback,push,CASHBACK_5,1
h-02645,30136,2025-02-22,push_service,push,PUSH_ON,0
h-02646,30136,2025-03-13,push_service,push,PUSH_ON,0
h-02647,30136,2025-03-26,email_cashback,email,CASHBACK_5,0
h-02648,30136,2025-04-06,email_cashback,email,CASHBACK_5,0
h-02649,30136,2025-04-16,push_credit,push,CC_LIMIT,1
h-02650,30136,2025-04-25,call_collect,call,COLLECT_01,0
h-02651,30136,2025-05-12,push_credit,push,CC_LIMIT,0
h-02652,30136,2025-06-09,push_service,push,PUSH_ON,0
h-02653,30136,2025-06-24,push_credit,push,CC_LIMIT,0
h-02654,30136,2025-07-14,sms_cashback,sms,CASHBACK_5,0
h-02655,30136,2025-07-27,push_service,push,PUSH_ON,0
h-02656,30136,2025-08-15,email_cashback,email,CASHBACK_5,0
h-02657,30136,2025-09-11,sms_cashback,sms,CASHBACK_5,0
h-02658,30136,2025-09-29,push_service,push,PUSH_ON,0
h-02659,30136,2025-10-11,sms_cashback,sms,CASHBACK_5,0
h-02660,30136,2025-10-28,push_credit,push,CC_LIMIT,0
h-02661,30136,2025-11-20,push_credit,push,CC_LIMIT,0
h-02662,30136,2025-11-29,push_credit,push,CC_LIMIT,0
h-02663,30136,2025-12-21,push_cashback,push,CASHBACK_5,0
h-02664,30136,2026-01-05,push_cashback,push,CASHBACK_5,1
h-02665,30136,2026-01-26,push_cashback,push,CASHBACK_5,0
h-02666,30137,2025-01-17,push_service,push,PUSH_ON,0
h-02667,30137,2025-02-12,push_service,push,PUSH_ON,0
h-02668,30137,2025-03-08,sms_cashback,sms,CASHBACK_5,0
h-02669,30137,2025-04-03,push_credit,push,CC_LIMIT,0
h-02670,30137,2025-04-15,push_credit,push,CC_LIMIT,0
h-02671,30137,2025-04-28,sms_cashback,sms,CASHBACK_5,0
h-02672,30137,2025-05-26,call_collect,call,COLLECT_01,0
h-02673,30137,2025-06-15,push_cashback,push,CASHBACK_5,0
h-02674,30137,2025-07-13,push_service,push,PUSH_ON,0
h-02675,30137,2025-08-07,push_cashback,push,CASHBACK_5,1
h-02676,30137,2025-09-03,sms_refinance,sms,REFIN_12,0
h-02677,30137,2025-09-23,call_collect,call,COLLECT_01,0
h-02678,30137,2025-10-13,sms_cashback,sms,CASHBACK_5,0
h-02679,30137,2025-10-28,push_cashback,push,CASHBACK_5,0
h-02680,30137,2025-11-14,push_cashback,push,CASHBACK_5,0
h-02681,30137,2025-11-28,sms_refinance,sms,REFIN_12,1
h-02682,30137,2025-12-22,sms_cashback,sms,CASHBACK_5,1
h-02683,30137,2026-01-07,sms_cashback,sms,CASHBACK_5,0
h-02684,30137,2026-02-03,push_cashback,push,CASHBACK_5,0
h-02685,30137,2026-02-25,push_credit,push,CC_LIMIT,0
h-02686,30137,2026-03-22,push_service,push,PUSH_ON,1
h-02687,30137,2026-04-13,call_collect,call,COLLECT_01,0
h-02688,30137,2026-05-09,push_credit,push,CC_LIMIT,0
h-02689,30137,2026-06-02,push_credit,push,CC_LIMIT,0
h-02690,30138,2025-01-27,call_collect,call,COLLECT_01,0
h-02691,30138,2025-02-14,push_service,push,PUSH_ON,1
h-02692,30138,2025-03-12,call_collect,call,COLLECT_01,0
h-02693,30138,2025-03-27,sms_cashback,sms,CASHBACK_5,1
h-02694,30138,2025-04-23,push_credit,push,CC_LIMIT,1
h-02695,30138,2025-05-12,push_credit,push,CC_LIMIT,0
h-02696,30138,2025-06-01,call_collect,call,COLLECT_01,0
h-02697,30138,2025-06-28,push_cashback,push,CASHBACK_5,1
h-02698,30138,2025-07-26,sms_refinance,sms,REFIN_12,1
h-02699,30138,2025-08-11,email_cashback,email,CASHBACK_5,0
h-02700,30138,2025-09-06,push_credit,push,CC_LIMIT,0
h-02701,30138,2025-09-27,push_cashback,push,CASHBACK_5,0
h-02702,30138,2025-10-18,call_collect,call,COLLECT_01,0
h-02703,30138,2025-10-31,sms_cashback,sms,CASHBACK_5,1
h-02704,30138,2025-11-13,sms_cashback,sms,CASHBACK_5,0
h-02705,30138,2025-12-08,push_credit,push,CC_LIMIT,0
h-02706,30138,2025-12-25,call_collect,call,COLLECT_01,1
h-02707,30138,2026-01-06,push_service,push,PUSH_ON,0
h-02708,30138,2026-01-20,call_collect,call,COLLECT_01,0
h-02709,30138,2026-02-08,push_service,push,PUSH_ON,0
h-02710,30138,2026-02-28,push_cashback,push,CASHBACK_5,0
h-02711,30138,2026-03-10,sms_refinance,sms,REFIN_12,0
h-02712,30138,2026-03-20,sms_refinance,sms,REFIN_12,1
h-02713,30138,2026-04-17,push_cashback,push,CASHBACK_5,0
h-02714,30138,2026-05-08,sms_cashback,sms,CASHBACK_5,1
h-02715,30138,2026-05-16,push_cashback,push,CASHBACK_5,0
h-02716,30138,2026-06-13,push_credit,push,CC_LIMIT,0
h-02717,30139,2025-01-30,push_service,push,PUSH_ON,0
h-02718,30139,2025-02-13,push_credit,push,CC_LIMIT,0
h-02719,30139,2025-02-27,push_credit,push,CC_LIMIT,0
h-02720,30139,2025-03-21,email_cashback,email,CASHBACK_5,0
h-02721,30139,2025-04-17,push_service,push,PUSH_ON,0
h-02722,30139,2025-04-28,sms_refinance,sms,REFIN_12,0
h-02723,30139,2025-05-12,sms_refinance,sms,REFIN_12,0
h-02724,30139,2025-06-08,push_credit,push,CC_LIMIT,0
h-02725,30139,2025-06-18,push_cashback,push,CASHBACK_5,0
h-02726,30139,2025-07-10,push_service,push,PUSH_ON,0
h-02727,30139,2025-07-25,call_collect,call,COLLECT_01,0
h-02728,30139,2025-08-11,push_cashback,push,CASHBACK_5,1
h-02729,30139,2025-09-08,sms_cashback,sms,CASHBACK_5,0
h-02730,30139,2025-09-26,email_cashback,email,CASHBACK_5,0
h-02731,30139,2025-10-20,sms_refinance,sms,REFIN_12,0
h-02732,30139,2025-10-29,push_cashback,push,CASHBACK_5,0
h-02733,30139,2025-11-18,push_service,push,PUSH_ON,0
h-02734,30139,2025-12-14,call_collect,call,COLLECT_01,0
h-02735,30139,2026-01-10,push_service,push,PUSH_ON,0
h-02736,30139,2026-02-05,call_collect,call,COLLECT_01,0
h-02737,30139,2026-02-23,push_service,push,PUSH_ON,0
h-02738,30139,2026-03-15,email_cashback,email,CASHBACK_5,0
h-02739,30139,2026-03-29,email_cashback,email,CASHBACK_5,1
h-02740,30139,2026-04-09,push_service,push,PUSH_ON,0
h-02741,30139,2026-04-28,push_credit,push,CC_LIMIT,0
h-02742,30139,2026-05-21,push_service,push,PUSH_ON,0
h-02743,30139,2026-06-17,push_service,push,PUSH_ON,0
h-02744,30140,2025-01-27,push_service,push,PUSH_ON,1
h-02745,30140,2025-02-23,call_collect,call,COLLECT_01,0
h-02746,30140,2025-03-16,sms_cashback,sms,CASHBACK_5,0
h-02747,30140,2025-03-31,email_cashback,email,CASHBACK_5,0
h-02748,30140,2025-04-17,email_cashback,email,CASHBACK_5,0
h-02749,30140,2025-05-09,email_cashback,email,CASHBACK_5,0
h-02750,30140,2025-05-22,call_collect,call,COLLECT_01,0
h-02751,30140,2025-06-18,push_cashback,push,CASHBACK_5,0
h-02752,30140,2025-07-04,sms_refinance,sms,REFIN_12,0
h-02753,30140,2025-07-22,push_service,push,PUSH_ON,1
h-02754,30140,2025-08-02,sms_refinance,sms,REFIN_12,0
h-02755,30140,2025-08-26,push_service,push,PUSH_ON,0
h-02756,30140,2025-09-17,push_credit,push,CC_LIMIT,0
h-02757,30141,2025-01-29,push_cashback,push,CASHBACK_5,0
h-02758,30141,2025-02-12,push_cashback,push,CASHBACK_5,0
h-02759,30141,2025-03-08,call_collect,call,COLLECT_01,0
h-02760,30141,2025-04-02,sms_refinance,sms,REFIN_12,0
h-02761,30141,2025-04-17,sms_refinance,sms,REFIN_12,0
h-02762,30141,2025-04-28,sms_cashback,sms,CASHBACK_5,0
h-02763,30141,2025-05-25,call_collect,call,COLLECT_01,0
h-02764,30141,2025-06-06,push_service,push,PUSH_ON,1
h-02765,30141,2025-07-01,sms_refinance,sms,REFIN_12,1
h-02766,30141,2025-07-23,sms_cashback,sms,CASHBACK_5,0
h-02767,30141,2025-08-15,call_collect,call,COLLECT_01,0
h-02768,30141,2025-09-12,push_cashback,push,CASHBACK_5,0
h-02769,30141,2025-10-07,sms_refinance,sms,REFIN_12,1
h-02770,30141,2025-10-18,push_service,push,PUSH_ON,1
h-02771,30141,2025-10-29,push_service,push,PUSH_ON,0
h-02772,30141,2025-11-11,push_cashback,push,CASHBACK_5,0
h-02773,30141,2025-11-26,push_cashback,push,CASHBACK_5,0
h-02774,30141,2025-12-11,sms_refinance,sms,REFIN_12,0
h-02775,30141,2026-01-08,push_cashback,push,CASHBACK_5,0
h-02776,30141,2026-01-27,sms_refinance,sms,REFIN_12,1
h-02777,30141,2026-02-17,push_cashback,push,CASHBACK_5,0
h-02778,30141,2026-03-15,call_collect,call,COLLECT_01,1
h-02779,30141,2026-04-07,sms_refinance,sms,REFIN_12,0
h-02780,30141,2026-05-04,call_collect,call,COLLECT_01,0
h-02781,30142,2025-01-27,sms_cashback,sms,CASHBACK_5,0
h-02782,30142,2025-02-15,push_service,push,PUSH_ON,0
h-02783,30142,2025-03-11,call_collect,call,COLLECT_01,0
h-02784,30142,2025-03-23,sms_cashback,sms,CASHBACK_5,0
h-02785,30142,2025-04-11,call_collect,call,COLLECT_01,0
h-02786,30142,2025-05-09,call_collect,call,COLLECT_01,0
h-02787,30142,2025-06-06,push_cashback,push,CASHBACK_5,0
h-02788,30142,2025-06-23,sms_cashback,sms,CASHBACK_5,0
h-02789,30142,2025-07-02,push_service,push,PUSH_ON,0
h-02790,30142,2025-07-15,email_cashback,email,CASHBACK_5,0
h-02791,30142,2025-08-02,sms_cashback,sms,CASHBACK_5,0
h-02792,30142,2025-08-21,sms_refinance,sms,REFIN_12,0
h-02793,30142,2025-09-09,push_cashback,push,CASHBACK_5,0
h-02794,30142,2025-10-06,call_collect,call,COLLECT_01,0
h-02795,30142,2025-11-03,sms_cashback,sms,CASHBACK_5,0
h-02796,30142,2025-11-13,sms_refinance,sms,REFIN_12,0
h-02797,30142,2025-12-05,email_cashback,email,CASHBACK_5,0
h-02798,30142,2025-12-15,email_cashback,email,CASHBACK_5,0
h-02799,30142,2026-01-11,email_cashback,email,CASHBACK_5,0
h-02800,30142,2026-01-27,push_service,push,PUSH_ON,1
h-02801,30143,2025-01-14,push_cashback,push,CASHBACK_5,0
h-02802,30143,2025-02-03,push_cashback,push,CASHBACK_5,0
h-02803,30143,2025-03-03,push_cashback,push,CASHBACK_5,0
h-02804,30143,2025-03-13,push_credit,push,CC_LIMIT,0
h-02805,30143,2025-03-23,push_cashback,push,CASHBACK_5,1
h-02806,30143,2025-04-06,call_collect,call,COLLECT_01,0
h-02807,30143,2025-04-28,push_cashback,push,CASHBACK_5,0
h-02808,30143,2025-05-08,push_cashback,push,CASHBACK_5,1
h-02809,30143,2025-05-24,push_cashback,push,CASHBACK_5,0
h-02810,30143,2025-06-13,push_service,push,PUSH_ON,0
h-02811,30143,2025-07-02,call_collect,call,COLLECT_01,0
h-02812,30143,2025-07-14,push_service,push,PUSH_ON,0
h-02813,30143,2025-08-01,push_cashback,push,CASHBACK_5,0
h-02814,30143,2025-08-18,sms_refinance,sms,REFIN_12,0
h-02815,30143,2025-09-04,push_credit,push,CC_LIMIT,1
h-02816,30143,2025-09-25,call_collect,call,COLLECT_01,0
h-02817,30143,2025-10-19,call_collect,call,COLLECT_01,0
h-02818,30143,2025-11-02,sms_cashback,sms,CASHBACK_5,0
h-02819,30144,2025-01-26,push_service,push,PUSH_ON,0
h-02820,30144,2025-02-06,call_collect,call,COLLECT_01,0
h-02821,30144,2025-03-06,call_collect,call,COLLECT_01,1
h-02822,30144,2025-03-17,call_collect,call,COLLECT_01,0
h-02823,30144,2025-03-28,sms_refinance,sms,REFIN_12,0
h-02824,30144,2025-04-25,sms_cashback,sms,CASHBACK_5,0
h-02825,30144,2025-05-16,sms_cashback,sms,CASHBACK_5,0
h-02826,30144,2025-05-26,sms_cashback,sms,CASHBACK_5,0
h-02827,30144,2025-06-22,email_cashback,email,CASHBACK_5,0
h-02828,30144,2025-07-05,sms_cashback,sms,CASHBACK_5,0
h-02829,30144,2025-07-27,push_cashback,push,CASHBACK_5,0
h-02830,30144,2025-08-19,push_cashback,push,CASHBACK_5,0
h-02831,30144,2025-09-04,sms_refinance,sms,REFIN_12,1
h-02832,30144,2025-09-26,email_cashback,email,CASHBACK_5,0
h-02833,30144,2025-10-05,push_service,push,PUSH_ON,0
h-02834,30144,2025-10-26,email_cashback,email,CASHBACK_5,0
h-02835,30144,2025-11-07,sms_cashback,sms,CASHBACK_5,0
h-02836,30144,2025-11-18,push_service,push,PUSH_ON,1
h-02837,30144,2025-11-29,call_collect,call,COLLECT_01,0
h-02838,30145,2025-01-13,push_cashback,push,CASHBACK_5,0
h-02839,30145,2025-02-04,push_credit,push,CC_LIMIT,1
h-02840,30145,2025-03-04,sms_refinance,sms,REFIN_12,0
h-02841,30145,2025-03-30,push_service,push,PUSH_ON,1
h-02842,30145,2025-04-25,push_service,push,PUSH_ON,1
h-02843,30145,2025-05-12,push_credit,push,CC_LIMIT,0
h-02844,30145,2025-06-08,sms_refinance,sms,REFIN_12,0
h-02845,30145,2025-06-23,email_cashback,email,CASHBACK_5,0
h-02846,30145,2025-07-13,sms_refinance,sms,REFIN_12,0
h-02847,30145,2025-07-31,email_cashback,email,CASHBACK_5,0
h-02848,30145,2025-08-26,sms_cashback,sms,CASHBACK_5,0
h-02849,30145,2025-09-08,sms_refinance,sms,REFIN_12,0
h-02850,30145,2025-09-24,call_collect,call,COLLECT_01,0
h-02851,30145,2025-10-11,push_cashback,push,CASHBACK_5,0
h-02852,30145,2025-10-23,call_collect,call,COLLECT_01,0
h-02853,30145,2025-11-08,push_cashback,push,CASHBACK_5,0
h-02854,30145,2025-11-22,sms_cashback,sms,CASHBACK_5,0
h-02855,30145,2025-12-01,push_credit,push,CC_LIMIT,1
h-02856,30145,2025-12-16,sms_refinance,sms,REFIN_12,0
h-02857,30145,2025-12-29,email_cashback,email,CASHBACK_5,0
h-02858,30145,2026-01-26,push_credit,push,CC_LIMIT,0
h-02859,30145,2026-02-22,push_credit,push,CC_LIMIT,0
h-02860,30145,2026-03-03,sms_cashback,sms,CASHBACK_5,0
h-02861,30145,2026-03-25,push_credit,push,CC_LIMIT,1
h-02862,30145,2026-04-18,email_cashback,email,CASHBACK_5,0
h-02863,30145,2026-05-16,sms_cashback,sms,CASHBACK_5,0
h-02864,30145,2026-06-05,sms_refinance,sms,REFIN_12,0
h-02865,30146,2025-01-26,push_service,push,PUSH_ON,1
h-02866,30146,2025-02-14,push_credit,push,CC_LIMIT,0
h-02867,30146,2025-03-06,sms_cashback,sms,CASHBACK_5,1
h-02868,30146,2025-03-18,call_collect,call,COLLECT_01,0
h-02869,30146,2025-04-13,call_collect,call,COLLECT_01,0
h-02870,30146,2025-04-21,push_cashback,push,CASHBACK_5,0
h-02871,30146,2025-05-12,sms_refinance,sms,REFIN_12,0
h-02872,30146,2025-05-29,push_service,push,PUSH_ON,0
h-02873,30146,2025-06-22,sms_cashback,sms,CASHBACK_5,0
h-02874,30146,2025-07-16,sms_refinance,sms,REFIN_12,0
h-02875,30146,2025-08-06,email_cashback,email,CASHBACK_5,1
h-02876,30146,2025-08-19,sms_refinance,sms,REFIN_12,1
h-02877,30146,2025-09-15,push_credit,push,CC_LIMIT,0
h-02878,30146,2025-09-27,push_credit,push,CC_LIMIT,0
h-02879,30146,2025-10-11,push_cashback,push,CASHBACK_5,1
h-02880,30146,2025-10-25,sms_refinance,sms,REFIN_12,0
h-02881,30146,2025-11-11,push_service,push,PUSH_ON,1
h-02882,30146,2025-12-02,push_credit,push,CC_LIMIT,0
h-02883,30146,2025-12-22,push_cashback,push,CASHBACK_5,1
h-02884,30146,2026-01-09,push_service,push,PUSH_ON,0
h-02885,30146,2026-01-27,push_service,push,PUSH_ON,0
h-02886,30146,2026-02-22,email_cashback,email,CASHBACK_5,0
h-02887,30147,2025-01-26,push_cashback,push,CASHBACK_5,0
h-02888,30147,2025-02-18,sms_refinance,sms,REFIN_12,0
h-02889,30147,2025-03-15,sms_refinance,sms,REFIN_12,0
h-02890,30147,2025-03-26,push_service,push,PUSH_ON,1
h-02891,30147,2025-04-21,call_collect,call,COLLECT_01,0
h-02892,30147,2025-05-03,push_cashback,push,CASHBACK_5,0
h-02893,30147,2025-05-31,push_service,push,PUSH_ON,1
h-02894,30147,2025-06-10,push_credit,push,CC_LIMIT,0
h-02895,30147,2025-07-02,push_service,push,PUSH_ON,0
h-02896,30147,2025-07-18,push_cashback,push,CASHBACK_5,1
h-02897,30147,2025-08-06,email_cashback,email,CASHBACK_5,0
h-02898,30147,2025-08-28,sms_cashback,sms,CASHBACK_5,0
h-02899,30148,2025-01-28,push_cashback,push,CASHBACK_5,0
h-02900,30148,2025-02-14,call_collect,call,COLLECT_01,0
h-02901,30148,2025-03-06,call_collect,call,COLLECT_01,1
h-02902,30148,2025-03-31,push_cashback,push,CASHBACK_5,0
h-02903,30148,2025-04-25,sms_refinance,sms,REFIN_12,0
h-02904,30148,2025-05-10,push_cashback,push,CASHBACK_5,0
h-02905,30148,2025-06-07,push_cashback,push,CASHBACK_5,0
h-02906,30148,2025-06-18,call_collect,call,COLLECT_01,0
h-02907,30148,2025-07-02,call_collect,call,COLLECT_01,0
h-02908,30148,2025-07-10,sms_refinance,sms,REFIN_12,1
h-02909,30148,2025-07-22,call_collect,call,COLLECT_01,0
h-02910,30148,2025-08-12,push_credit,push,CC_LIMIT,0
h-02911,30148,2025-09-09,push_service,push,PUSH_ON,1
h-02912,30148,2025-10-05,sms_refinance,sms,REFIN_12,1
h-02913,30148,2025-10-19,sms_refinance,sms,REFIN_12,0
h-02914,30148,2025-11-14,call_collect,call,COLLECT_01,0
h-02915,30148,2025-12-11,sms_refinance,sms,REFIN_12,1
h-02916,30149,2025-01-18,email_cashback,email,CASHBACK_5,0
h-02917,30149,2025-01-31,email_cashback,email,CASHBACK_5,0
h-02918,30149,2025-02-17,email_cashback,email,CASHBACK_5,0
h-02919,30149,2025-03-05,push_cashback,push,CASHBACK_5,0
h-02920,30149,2025-03-19,push_cashback,push,CASHBACK_5,0
h-02921,30149,2025-04-04,push_service,push,PUSH_ON,0
h-02922,30149,2025-04-20,push_service,push,PUSH_ON,0
h-02923,30149,2025-04-28,push_credit,push,CC_LIMIT,1
h-02924,30149,2025-05-13,email_cashback,email,CASHBACK_5,1
h-02925,30149,2025-05-26,call_collect,call,COLLECT_01,0
h-02926,30149,2025-06-10,push_service,push,PUSH_ON,0
h-02927,30149,2025-07-08,call_collect,call,COLLECT_01,0
h-02928,30149,2025-07-20,push_service,push,PUSH_ON,1
h-02929,30150,2025-01-14,email_cashback,email,CASHBACK_5,0
h-02930,30150,2025-02-10,call_collect,call,COLLECT_01,0
h-02931,30150,2025-02-22,push_service,push,PUSH_ON,0
h-02932,30150,2025-03-19,sms_cashback,sms,CASHBACK_5,0
h-02933,30150,2025-03-31,push_cashback,push,CASHBACK_5,0
h-02934,30150,2025-04-09,sms_refinance,sms,REFIN_12,0
h-02935,30150,2025-05-01,sms_refinance,sms,REFIN_12,0
h-02936,30150,2025-05-27,push_cashback,push,CASHBACK_5,0
h-02937,30150,2025-06-07,call_collect,call,COLLECT_01,0
h-02938,30150,2025-07-04,sms_refinance,sms,REFIN_12,0
h-02939,30150,2025-07-26,sms_cashback,sms,CASHBACK_5,0
h-02940,30150,2025-08-05,push_service,push,PUSH_ON,0
h-02941,30151,2025-01-29,sms_cashback,sms,CASHBACK_5,0
h-02942,30151,2025-02-16,push_credit,push,CC_LIMIT,0
h-02943,30151,2025-03-08,push_service,push,PUSH_ON,1
h-02944,30151,2025-03-20,push_service,push,PUSH_ON,0
h-02945,30151,2025-04-02,email_cashback,email,CASHBACK_5,0
h-02946,30151,2025-04-26,email_cashback,email,CASHBACK_5,1
h-02947,30151,2025-05-17,push_cashback,push,CASHBACK_5,0
h-02948,30151,2025-06-09,email_cashback,email,CASHBACK_5,0
h-02949,30151,2025-06-20,call_collect,call,COLLECT_01,1
h-02950,30151,2025-07-13,email_cashback,email,CASHBACK_5,0
h-02951,30151,2025-07-26,sms_cashback,sms,CASHBACK_5,0
h-02952,30151,2025-08-03,push_cashback,push,CASHBACK_5,1
h-02953,30151,2025-08-24,push_cashback,push,CASHBACK_5,0
h-02954,30151,2025-09-15,call_collect,call,COLLECT_01,0
h-02955,30151,2025-10-06,push_credit,push,CC_LIMIT,0
h-02956,30151,2025-10-20,push_credit,push,CC_LIMIT,0
h-02957,30151,2025-11-07,push_credit,push,CC_LIMIT,0
h-02958,30151,2025-11-27,push_cashback,push,CASHBACK_5,0
h-02959,30151,2025-12-14,push_cashback,push,CASHBACK_5,1
h-02960,30151,2025-12-30,call_collect,call,COLLECT_01,0
h-02961,30151,2026-01-16,sms_cashback,sms,CASHBACK_5,0
h-02962,30151,2026-02-01,email_cashback,email,CASHBACK_5,0
h-02963,30151,2026-02-25,push_service,push,PUSH_ON,0
h-02964,30151,2026-03-20,email_cashback,email,CASHBACK_5,0
h-02965,30151,2026-04-08,push_service,push,PUSH_ON,1
h-02966,30152,2025-01-22,push_cashback,push,CASHBACK_5,0
h-02967,30152,2025-02-10,push_service,push,PUSH_ON,1
h-02968,30152,2025-03-06,push_service,push,PUSH_ON,0
h-02969,30152,2025-03-22,sms_refinance,sms,REFIN_12,0
h-02970,30152,2025-04-02,call_collect,call,COLLECT_01,0
h-02971,30152,2025-04-14,sms_cashback,sms,CASHBACK_5,1
h-02972,30152,2025-05-06,call_collect,call,COLLECT_01,0
h-02973,30152,2025-05-25,push_cashback,push,CASHBACK_5,0
h-02974,30152,2025-06-07,sms_refinance,sms,REFIN_12,0
h-02975,30152,2025-06-15,sms_refinance,sms,REFIN_12,0
h-02976,30152,2025-07-13,sms_cashback,sms,CASHBACK_5,0
h-02977,30152,2025-07-29,sms_cashback,sms,CASHBACK_5,0
h-02978,30152,2025-08-09,email_cashback,email,CASHBACK_5,0
h-02979,30152,2025-08-24,push_cashback,push,CASHBACK_5,0
h-02980,30152,2025-09-17,call_collect,call,COLLECT_01,0
h-02981,30152,2025-09-27,sms_refinance,sms,REFIN_12,1
h-02982,30152,2025-10-17,sms_refinance,sms,REFIN_12,0
h-02983,30152,2025-11-07,push_service,push,PUSH_ON,0
h-02984,30152,2025-12-03,email_cashback,email,CASHBACK_5,0
h-02985,30152,2025-12-28,email_cashback,email,CASHBACK_5,0
h-02986,30152,2026-01-14,email_cashback,email,CASHBACK_5,0
h-02987,30153,2025-01-18,push_service,push,PUSH_ON,0
h-02988,30153,2025-02-06,push_cashback,push,CASHBACK_5,1
h-02989,30153,2025-03-05,email_cashback,email,CASHBACK_5,0
h-02990,30153,2025-03-25,push_service,push,PUSH_ON,0
h-02991,30153,2025-04-11,sms_cashback,sms,CASHBACK_5,0
h-02992,30153,2025-04-24,sms_refinance,sms,REFIN_12,1
h-02993,30153,2025-05-03,sms_refinance,sms,REFIN_12,0
h-02994,30153,2025-05-22,sms_cashback,sms,CASHBACK_5,0
h-02995,30153,2025-06-01,sms_refinance,sms,REFIN_12,0
h-02996,30153,2025-06-16,push_service,push,PUSH_ON,1
h-02997,30153,2025-06-26,push_service,push,PUSH_ON,0
h-02998,30153,2025-07-07,sms_refinance,sms,REFIN_12,0
h-02999,30153,2025-08-03,sms_cashback,sms,CASHBACK_5,0
h-03000,30153,2025-08-26,sms_refinance,sms,REFIN_12,0
h-03001,30153,2025-09-23,sms_cashback,sms,CASHBACK_5,0
h-03002,30153,2025-10-07,push_cashback,push,CASHBACK_5,0
h-03003,30153,2025-11-04,sms_cashback,sms,CASHBACK_5,0
h-03004,30153,2025-11-19,push_cashback,push,CASHBACK_5,0
h-03005,30153,2025-12-10,email_cashback,email,CASHBACK_5,0
h-03006,30153,2025-12-27,sms_cashback,sms,CASHBACK_5,0
h-03007,30153,2026-01-05,sms_refinance,sms,REFIN_12,0
h-03008,30153,2026-01-29,push_cashback,push,CASHBACK_5,1
h-03009,30153,2026-02-21,sms_cashback,sms,CASHBACK_5,0
h-03010,30153,2026-03-03,push_cashback,push,CASHBACK_5,1
h-03011,30153,2026-03-19,sms_refinance,sms,REFIN_12,1
h-03012,30153,2026-04-09,push_service,push,PUSH_ON,0
h-03013,30154,2025-01-15,push_service,push,PUSH_ON,0
h-03014,30154,2025-01-26,push_credit,push,CC_LIMIT,0
h-03015,30154,2025-02-03,email_cashback,email,CASHBACK_5,1
h-03016,30154,2025-03-02,sms_refinance,sms,REFIN_12,0
h-03017,30154,2025-03-30,sms_cashback,sms,CASHBACK_5,1
h-03018,30154,2025-04-08,email_cashback,email,CASHBACK_5,0
h-03019,30154,2025-05-06,push_service,push,PUSH_ON,0
h-03020,30154,2025-06-01,push_service,push,PUSH_ON,0
h-03021,30154,2025-06-26,sms_refinance,sms,REFIN_12,0
h-03022,30154,2025-07-20,email_cashback,email,CASHBACK_5,0
h-03023,30154,2025-07-31,push_credit,push,CC_LIMIT,1
h-03024,30154,2025-08-19,sms_refinance,sms,REFIN_12,0
h-03025,30154,2025-09-06,sms_cashback,sms,CASHBACK_5,0
h-03026,30154,2025-09-29,push_credit,push,CC_LIMIT,0
h-03027,30154,2025-10-07,call_collect,call,COLLECT_01,0
h-03028,30154,2025-10-30,sms_refinance,sms,REFIN_12,0
h-03029,30154,2025-11-10,sms_cashback,sms,CASHBACK_5,0
h-03030,30154,2025-12-01,push_service,push,PUSH_ON,1
h-03031,30154,2025-12-26,sms_refinance,sms,REFIN_12,1
h-03032,30154,2026-01-12,push_service,push,PUSH_ON,0
h-03033,30155,2025-01-21,push_cashback,push,CASHBACK_5,0
h-03034,30155,2025-02-07,push_service,push,PUSH_ON,0
h-03035,30155,2025-02-20,sms_cashback,sms,CASHBACK_5,0
h-03036,30155,2025-03-05,push_cashback,push,CASHBACK_5,0
h-03037,30155,2025-03-13,call_collect,call,COLLECT_01,0
h-03038,30155,2025-03-31,call_collect,call,COLLECT_01,1
h-03039,30155,2025-04-09,push_credit,push,CC_LIMIT,0
h-03040,30155,2025-04-26,push_service,push,PUSH_ON,0
h-03041,30155,2025-05-17,push_service,push,PUSH_ON,1
h-03042,30155,2025-06-03,push_cashback,push,CASHBACK_5,0
h-03043,30155,2025-06-13,push_cashback,push,CASHBACK_5,1
h-03044,30155,2025-06-30,push_service,push,PUSH_ON,0
h-03045,30155,2025-07-19,sms_refinance,sms,REFIN_12,0
h-03046,30155,2025-08-09,call_collect,call,COLLECT_01,1
h-03047,30155,2025-08-24,sms_refinance,sms,REFIN_12,0
h-03048,30155,2025-09-17,sms_cashback,sms,CASHBACK_5,0
h-03049,30155,2025-10-01,push_cashback,push,CASHBACK_5,0
h-03050,30155,2025-10-11,call_collect,call,COLLECT_01,1
h-03051,30155,2025-11-03,sms_refinance,sms,REFIN_12,1
h-03052,30155,2025-11-12,call_collect,call,COLLECT_01,0
h-03053,30155,2025-12-02,email_cashback,email,CASHBACK_5,0
h-03054,30155,2025-12-14,sms_cashback,sms,CASHBACK_5,0
h-03055,30156,2025-01-23,call_collect,call,COLLECT_01,0
h-03056,30156,2025-02-15,sms_refinance,sms,REFIN_12,0
h-03057,30156,2025-02-26,push_cashback,push,CASHBACK_5,0
h-03058,30156,2025-03-07,sms_refinance,sms,REFIN_12,1
h-03059,30156,2025-03-22,sms_refinance,sms,REFIN_12,1
h-03060,30156,2025-04-06,sms_refinance,sms,REFIN_12,1
h-03061,30156,2025-05-04,push_credit,push,CC_LIMIT,0
h-03062,30156,2025-05-18,push_credit,push,CC_LIMIT,0
h-03063,30156,2025-06-15,email_cashback,email,CASHBACK_5,0
h-03064,30156,2025-07-03,sms_cashback,sms,CASHBACK_5,0
h-03065,30156,2025-07-15,sms_refinance,sms,REFIN_12,0
h-03066,30156,2025-08-10,sms_cashback,sms,CASHBACK_5,0
h-03067,30156,2025-09-01,sms_refinance,sms,REFIN_12,1
h-03068,30156,2025-09-10,call_collect,call,COLLECT_01,0
h-03069,30156,2025-10-03,sms_cashback,sms,CASHBACK_5,0
h-03070,30156,2025-10-21,sms_cashback,sms,CASHBACK_5,0
h-03071,30156,2025-11-04,sms_cashback,sms,CASHBACK_5,0
h-03072,30156,2025-11-30,sms_cashback,sms,CASHBACK_5,0
h-03073,30156,2025-12-26,push_cashback,push,CASHBACK_5,0
h-03074,30157,2025-01-14,push_credit,push,CC_LIMIT,1
h-03075,30157,2025-02-04,push_service,push,PUSH_ON,0
h-03076,30157,2025-02-18,sms_cashback,sms,CASHBACK_5,1
h-03077,30157,2025-03-01,sms_cashback,sms,CASHBACK_5,0
h-03078,30157,2025-03-15,sms_cashback,sms,CASHBACK_5,0
h-03079,30157,2025-04-09,call_collect,call,COLLECT_01,0
h-03080,30157,2025-04-29,sms_cashback,sms,CASHBACK_5,1
h-03081,30157,2025-05-17,sms_refinance,sms,REFIN_12,0
h-03082,30157,2025-05-29,sms_cashback,sms,CASHBACK_5,1
h-03083,30157,2025-06-09,push_service,push,PUSH_ON,0
h-03084,30157,2025-06-17,email_cashback,email,CASHBACK_5,0
h-03085,30157,2025-07-04,sms_cashback,sms,CASHBACK_5,0
h-03086,30157,2025-07-22,sms_cashback,sms,CASHBACK_5,1
h-03087,30157,2025-08-07,call_collect,call,COLLECT_01,0
h-03088,30157,2025-08-19,push_service,push,PUSH_ON,0
h-03089,30157,2025-09-15,sms_refinance,sms,REFIN_12,0
h-03090,30157,2025-10-06,push_cashback,push,CASHBACK_5,0
h-03091,30157,2025-10-30,sms_cashback,sms,CASHBACK_5,0
h-03092,30157,2025-11-22,push_cashback,push,CASHBACK_5,0
h-03093,30157,2025-12-12,push_cashback,push,CASHBACK_5,0
h-03094,30157,2025-12-23,sms_cashback,sms,CASHBACK_5,0
h-03095,30157,2026-01-19,sms_refinance,sms,REFIN_12,0
h-03096,30157,2026-02-08,push_service,push,PUSH_ON,0
h-03097,30157,2026-03-02,call_collect,call,COLLECT_01,0
h-03098,30157,2026-03-27,sms_cashback,sms,CASHBACK_5,0
h-03099,30157,2026-04-21,push_credit,push,CC_LIMIT,0
h-03100,30157,2026-05-02,push_service,push,PUSH_ON,0
h-03101,30158,2025-01-18,email_cashback,email,CASHBACK_5,0
h-03102,30158,2025-01-30,push_cashback,push,CASHBACK_5,0
h-03103,30158,2025-02-26,sms_cashback,sms,CASHBACK_5,0
h-03104,30158,2025-03-16,push_service,push,PUSH_ON,1
h-03105,30158,2025-04-12,sms_cashback,sms,CASHBACK_5,1
h-03106,30158,2025-04-25,sms_cashback,sms,CASHBACK_5,0
h-03107,30158,2025-05-20,push_service,push,PUSH_ON,0
h-03108,30158,2025-05-31,sms_refinance,sms,REFIN_12,0
h-03109,30158,2025-06-09,sms_cashback,sms,CASHBACK_5,0
h-03110,30158,2025-07-05,push_cashback,push,CASHBACK_5,0
h-03111,30158,2025-07-23,push_cashback,push,CASHBACK_5,0
h-03112,30158,2025-08-01,push_cashback,push,CASHBACK_5,0
h-03113,30158,2025-08-24,push_cashback,push,CASHBACK_5,1
h-03114,30158,2025-09-11,sms_refinance,sms,REFIN_12,0
h-03115,30158,2025-09-30,email_cashback,email,CASHBACK_5,0
h-03116,30158,2025-10-14,push_cashback,push,CASHBACK_5,0
h-03117,30158,2025-11-06,sms_cashback,sms,CASHBACK_5,0
h-03118,30158,2025-11-24,push_cashback,push,CASHBACK_5,0
h-03119,30158,2025-12-10,push_credit,push,CC_LIMIT,0
h-03120,30158,2025-12-20,call_collect,call,COLLECT_01,0
h-03121,30158,2026-01-08,push_service,push,PUSH_ON,0
h-03122,30158,2026-01-20,sms_refinance,sms,REFIN_12,0
h-03123,30158,2026-02-16,push_cashback,push,CASHBACK_5,0
h-03124,30159,2025-01-18,sms_cashback,sms,CASHBACK_5,1
h-03125,30159,2025-02-10,call_collect,call,COLLECT_01,1
h-03126,30159,2025-02-24,push_cashback,push,CASHBACK_5,0
h-03127,30159,2025-03-22,sms_cashback,sms,CASHBACK_5,0
h-03128,30159,2025-04-04,sms_refinance,sms,REFIN_12,0
h-03129,30159,2025-04-26,call_collect,call,COLLECT_01,0
h-03130,30159,2025-05-09,call_collect,call,COLLECT_01,0
h-03131,30159,2025-06-02,push_credit,push,CC_LIMIT,0
h-03132,30159,2025-06-10,call_collect,call,COLLECT_01,0
h-03133,30159,2025-07-06,email_cashback,email,CASHBACK_5,0
h-03134,30159,2025-07-30,push_cashback,push,CASHBACK_5,0
h-03135,30159,2025-08-26,sms_cashback,sms,CASHBACK_5,0
h-03136,30159,2025-09-07,sms_cashback,sms,CASHBACK_5,0
h-03137,30159,2025-09-28,sms_cashback,sms,CASHBACK_5,1
h-03138,30159,2025-10-10,sms_cashback,sms,CASHBACK_5,0
h-03139,30159,2025-11-06,call_collect,call,COLLECT_01,0
h-03140,30159,2025-11-20,push_credit,push,CC_LIMIT,0
h-03141,30159,2025-11-28,call_collect,call,COLLECT_01,0
h-03142,30159,2025-12-10,push_service,push,PUSH_ON,1
h-03143,30159,2025-12-18,push_cashback,push,CASHBACK_5,1
h-03144,30160,2025-01-24,push_service,push,PUSH_ON,0
h-03145,30160,2025-02-09,push_cashback,push,CASHBACK_5,0
h-03146,30160,2025-03-02,push_cashback,push,CASHBACK_5,0
h-03147,30160,2025-03-22,push_service,push,PUSH_ON,0
h-03148,30160,2025-04-14,push_service,push,PUSH_ON,0
h-03149,30160,2025-05-11,sms_cashback,sms,CASHBACK_5,1
h-03150,30160,2025-05-25,push_cashback,push,CASHBACK_5,0
h-03151,30160,2025-06-02,push_service,push,PUSH_ON,1
h-03152,30160,2025-06-17,sms_cashback,sms,CASHBACK_5,0
h-03153,30160,2025-07-08,email_cashback,email,CASHBACK_5,0
h-03154,30160,2025-07-28,sms_cashback,sms,CASHBACK_5,0
h-03155,30160,2025-08-22,push_credit,push,CC_LIMIT,1
h-03156,30160,2025-09-17,push_cashback,push,CASHBACK_5,0
h-03157,30161,2025-01-21,push_service,push,PUSH_ON,0
h-03158,30161,2025-02-05,push_cashback,push,CASHBACK_5,1
h-03159,30161,2025-02-13,email_cashback,email,CASHBACK_5,0
h-03160,30161,2025-03-12,push_credit,push,CC_LIMIT,0
h-03161,30161,2025-04-04,email_cashback,email,CASHBACK_5,0
h-03162,30161,2025-04-19,call_collect,call,COLLECT_01,0
h-03163,30161,2025-05-12,sms_cashback,sms,CASHBACK_5,1
h-03164,30161,2025-05-22,email_cashback,email,CASHBACK_5,0
h-03165,30161,2025-06-18,sms_refinance,sms,REFIN_12,0
h-03166,30161,2025-07-06,push_credit,push,CC_LIMIT,0
h-03167,30161,2025-07-20,push_service,push,PUSH_ON,0
h-03168,30161,2025-08-03,email_cashback,email,CASHBACK_5,1
h-03169,30161,2025-08-26,call_collect,call,COLLECT_01,0
h-03170,30161,2025-09-13,email_cashback,email,CASHBACK_5,0
h-03171,30161,2025-10-08,call_collect,call,COLLECT_01,0
h-03172,30161,2025-10-22,sms_cashback,sms,CASHBACK_5,0
h-03173,30161,2025-11-04,sms_cashback,sms,CASHBACK_5,0
h-03174,30161,2025-11-24,push_service,push,PUSH_ON,1
h-03175,30161,2025-12-03,push_cashback,push,CASHBACK_5,0
h-03176,30161,2025-12-24,call_collect,call,COLLECT_01,0
h-03177,30161,2026-01-04,email_cashback,email,CASHBACK_5,0
h-03178,30161,2026-01-27,email_cashback,email,CASHBACK_5,0
h-03179,30161,2026-02-19,email_cashback,email,CASHBACK_5,1
h-03180,30161,2026-03-02,call_collect,call,COLLECT_01,1
h-03181,30162,2025-01-16,call_collect,call,COLLECT_01,0
h-03182,30162,2025-01-28,sms_refinance,sms,REFIN_12,1
h-03183,30162,2025-02-16,sms_cashback,sms,CASHBACK_5,0
h-03184,30162,2025-03-15,push_cashback,push,CASHBACK_5,0
h-03185,30162,2025-04-05,sms_cashback,sms,CASHBACK_5,0
h-03186,30162,2025-04-29,sms_refinance,sms,REFIN_12,0
h-03187,30162,2025-05-17,email_cashback,email,CASHBACK_5,0
h-03188,30162,2025-06-06,call_collect,call,COLLECT_01,0
h-03189,30162,2025-06-21,push_credit,push,CC_LIMIT,1
h-03190,30162,2025-06-30,sms_cashback,sms,CASHBACK_5,0
h-03191,30162,2025-07-28,push_cashback,push,CASHBACK_5,0
h-03192,30162,2025-08-08,push_service,push,PUSH_ON,0
h-03193,30162,2025-08-18,push_cashback,push,CASHBACK_5,1
h-03194,30162,2025-09-09,push_service,push,PUSH_ON,0
h-03195,30162,2025-10-01,push_credit,push,CC_LIMIT,1
h-03196,30162,2025-10-28,push_service,push,PUSH_ON,0
h-03197,30162,2025-11-10,push_credit,push,CC_LIMIT,1
h-03198,30162,2025-11-23,email_cashback,email,CASHBACK_5,1
h-03199,30162,2025-12-16,sms_cashback,sms,CASHBACK_5,0
h-03200,30162,2026-01-02,call_collect,call,COLLECT_01,0
h-03201,30162,2026-01-16,push_service,push,PUSH_ON,1
h-03202,30162,2026-01-30,push_credit,push,CC_LIMIT,0
h-03203,30162,2026-02-18,sms_cashback,sms,CASHBACK_5,0
h-03204,30162,2026-03-10,email_cashback,email,CASHBACK_5,0
h-03205,30163,2025-01-27,sms_refinance,sms,REFIN_12,0
h-03206,30163,2025-02-08,call_collect,call,COLLECT_01,0
h-03207,30163,2025-02-26,push_cashback,push,CASHBACK_5,1
h-03208,30163,2025-03-10,sms_refinance,sms,REFIN_12,0
h-03209,30163,2025-03-29,push_cashback,push,CASHBACK_5,0
h-03210,30163,2025-04-20,call_collect,call,COLLECT_01,0
h-03211,30163,2025-05-02,sms_cashback,sms,CASHBACK_5,0
h-03212,30163,2025-05-24,push_credit,push,CC_LIMIT,0
h-03213,30163,2025-06-01,push_service,push,PUSH_ON,0
h-03214,30163,2025-06-20,push_cashback,push,CASHBACK_5,1
h-03215,30163,2025-07-01,call_collect,call,COLLECT_01,0
h-03216,30163,2025-07-25,email_cashback,email,CASHBACK_5,1
h-03217,30163,2025-08-14,email_cashback,email,CASHBACK_5,1
h-03218,30163,2025-08-25,call_collect,call,COLLECT_01,0
h-03219,30163,2025-09-12,sms_cashback,sms,CASHBACK_5,0
h-03220,30163,2025-09-29,push_service,push,PUSH_ON,1
h-03221,30163,2025-10-17,push_service,push,PUSH_ON,1
h-03222,30163,2025-11-13,call_collect,call,COLLECT_01,0
h-03223,30163,2025-11-25,push_cashback,push,CASHBACK_5,1
h-03224,30163,2025-12-05,push_service,push,PUSH_ON,1
h-03225,30163,2025-12-31,push_cashback,push,CASHBACK_5,0
h-03226,30163,2026-01-12,push_credit,push,CC_LIMIT,0
h-03227,30163,2026-01-29,sms_refinance,sms,REFIN_12,0
h-03228,30163,2026-02-18,push_cashback,push,CASHBACK_5,0
h-03229,30163,2026-03-11,push_cashback,push,CASHBACK_5,1
h-03230,30163,2026-03-22,push_credit,push,CC_LIMIT,0
h-03231,30164,2025-01-18,call_collect,call,COLLECT_01,0
h-03232,30164,2025-02-13,push_service,push,PUSH_ON,0
h-03233,30164,2025-03-01,sms_cashback,sms,CASHBACK_5,0
h-03234,30164,2025-03-22,push_service,push,PUSH_ON,0
h-03235,30164,2025-04-01,sms_refinance,sms,REFIN_12,0
h-03236,30164,2025-04-26,sms_cashback,sms,CASHBACK_5,0
h-03237,30164,2025-05-05,push_service,push,PUSH_ON,0
h-03238,30164,2025-05-22,push_credit,push,CC_LIMIT,0
h-03239,30164,2025-06-13,push_service,push,PUSH_ON,0
h-03240,30164,2025-07-01,sms_refinance,sms,REFIN_12,1
h-03241,30164,2025-07-10,sms_cashback,sms,CASHBACK_5,0
h-03242,30164,2025-07-31,sms_cashback,sms,CASHBACK_5,1
h-03243,30164,2025-08-19,sms_cashback,sms,CASHBACK_5,0
h-03244,30164,2025-09-14,email_cashback,email,CASHBACK_5,1
h-03245,30164,2025-10-03,sms_refinance,sms,REFIN_12,0
h-03246,30164,2025-10-14,push_credit,push,CC_LIMIT,0
h-03247,30165,2025-01-24,push_cashback,push,CASHBACK_5,1
h-03248,30165,2025-02-12,email_cashback,email,CASHBACK_5,0
h-03249,30165,2025-03-08,sms_cashback,sms,CASHBACK_5,0
h-03250,30165,2025-03-21,push_cashback,push,CASHBACK_5,1
h-03251,30165,2025-04-05,email_cashback,email,CASHBACK_5,0
h-03252,30165,2025-04-16,sms_cashback,sms,CASHBACK_5,1
h-03253,30165,2025-05-14,email_cashback,email,CASHBACK_5,0
h-03254,30165,2025-05-25,push_cashback,push,CASHBACK_5,0
h-03255,30165,2025-06-09,call_collect,call,COLLECT_01,0
h-03256,30165,2025-07-02,email_cashback,email,CASHBACK_5,0
h-03257,30165,2025-07-27,sms_cashback,sms,CASHBACK_5,1
h-03258,30165,2025-08-05,push_service,push,PUSH_ON,1
h-03259,30165,2025-08-23,push_cashback,push,CASHBACK_5,1
h-03260,30165,2025-09-18,call_collect,call,COLLECT_01,0
h-03261,30165,2025-10-10,sms_refinance,sms,REFIN_12,0
h-03262,30165,2025-10-28,push_service,push,PUSH_ON,0
h-03263,30165,2025-11-05,email_cashback,email,CASHBACK_5,0
h-03264,30165,2025-11-23,sms_cashback,sms,CASHBACK_5,0
h-03265,30165,2025-12-07,sms_refinance,sms,REFIN_12,1
h-03266,30165,2025-12-22,push_credit,push,CC_LIMIT,1
h-03267,30165,2026-01-01,email_cashback,email,CASHBACK_5,0
h-03268,30166,2025-01-21,sms_cashback,sms,CASHBACK_5,0
h-03269,30166,2025-02-15,call_collect,call,COLLECT_01,0
h-03270,30166,2025-03-13,call_collect,call,COLLECT_01,0
h-03271,30166,2025-04-10,sms_cashback,sms,CASHBACK_5,0
h-03272,30166,2025-05-06,call_collect,call,COLLECT_01,1
h-03273,30166,2025-05-22,push_credit,push,CC_LIMIT,0
h-03274,30166,2025-06-07,push_cashback,push,CASHBACK_5,0
h-03275,30166,2025-06-19,push_cashback,push,CASHBACK_5,0
h-03276,30166,2025-07-11,push_service,push,PUSH_ON,1
h-03277,30166,2025-08-03,push_cashback,push,CASHBACK_5,0
h-03278,30166,2025-08-13,push_credit,push,CC_LIMIT,0
h-03279,30166,2025-08-21,push_cashback,push,CASHBACK_5,0
h-03280,30166,2025-09-03,call_collect,call,COLLECT_01,0
h-03281,30167,2025-01-24,call_collect,call,COLLECT_01,0
h-03282,30167,2025-02-06,sms_refinance,sms,REFIN_12,1
h-03283,30167,2025-02-21,sms_refinance,sms,REFIN_12,0
h-03284,30167,2025-03-15,push_cashback,push,CASHBACK_5,0
h-03285,30167,2025-03-29,sms_refinance,sms,REFIN_12,0
h-03286,30167,2025-04-10,push_credit,push,CC_LIMIT,0
h-03287,30167,2025-05-02,sms_refinance,sms,REFIN_12,0
h-03288,30167,2025-05-24,push_service,push,PUSH_ON,1
h-03289,30167,2025-06-01,push_service,push,PUSH_ON,0
h-03290,30167,2025-06-17,push_credit,push,CC_LIMIT,0
h-03291,30167,2025-07-07,sms_cashback,sms,CASHBACK_5,0
h-03292,30167,2025-07-18,push_service,push,PUSH_ON,0
h-03293,30168,2025-01-19,sms_refinance,sms,REFIN_12,0
h-03294,30168,2025-02-08,push_cashback,push,CASHBACK_5,0
h-03295,30168,2025-02-25,push_cashback,push,CASHBACK_5,1
h-03296,30168,2025-03-16,sms_refinance,sms,REFIN_12,0
h-03297,30168,2025-03-24,email_cashback,email,CASHBACK_5,0
h-03298,30168,2025-04-15,call_collect,call,COLLECT_01,0
h-03299,30168,2025-04-25,sms_cashback,sms,CASHBACK_5,0
h-03300,30168,2025-05-17,sms_cashback,sms,CASHBACK_5,0
h-03301,30168,2025-06-06,sms_refinance,sms,REFIN_12,0
h-03302,30168,2025-06-20,push_credit,push,CC_LIMIT,0
h-03303,30168,2025-07-09,push_cashback,push,CASHBACK_5,0
h-03304,30168,2025-07-18,sms_cashback,sms,CASHBACK_5,0
h-03305,30168,2025-08-07,email_cashback,email,CASHBACK_5,0
h-03306,30168,2025-08-29,sms_refinance,sms,REFIN_12,1
h-03307,30168,2025-09-08,call_collect,call,COLLECT_01,0
h-03308,30168,2025-09-17,call_collect,call,COLLECT_01,1
h-03309,30168,2025-10-13,push_service,push,PUSH_ON,1
h-03310,30168,2025-10-27,push_cashback,push,CASHBACK_5,0
h-03311,30168,2025-11-06,sms_refinance,sms,REFIN_12,0
h-03312,30168,2025-11-15,call_collect,call,COLLECT_01,0
h-03313,30168,2025-12-07,sms_refinance,sms,REFIN_12,0
h-03314,30168,2025-12-22,sms_refinance,sms,REFIN_12,1
h-03315,30168,2025-12-31,sms_cashback,sms,CASHBACK_5,1
h-03316,30168,2026-01-16,call_collect,call,COLLECT_01,1
h-03317,30168,2026-02-03,call_collect,call,COLLECT_01,0
h-03318,30168,2026-02-22,email_cashback,email,CASHBACK_5,0
h-03319,30168,2026-03-21,push_cashback,push,CASHBACK_5,0
h-03320,30169,2025-02-01,push_service,push,PUSH_ON,0
h-03321,30169,2025-02-20,call_collect,call,COLLECT_01,0
h-03322,30169,2025-03-08,push_credit,push,CC_LIMIT,0
h-03323,30169,2025-03-20,email_cashback,email,CASHBACK_5,0
h-03324,30169,2025-04-14,push_service,push,PUSH_ON,0
h-03325,30169,2025-05-07,push_cashback,push,CASHBACK_5,0
h-03326,30169,2025-05-22,call_collect,call,COLLECT_01,0
h-03327,30169,2025-06-01,call_collect,call,COLLECT_01,0
h-03328,30169,2025-06-13,push_credit,push,CC_LIMIT,0
h-03329,30169,2025-07-01,push_service,push,PUSH_ON,1
h-03330,30169,2025-07-11,push_cashback,push,CASHBACK_5,0
h-03331,30169,2025-08-03,call_collect,call,COLLECT_01,1
h-03332,30169,2025-08-22,push_cashback,push,CASHBACK_5,0
h-03333,30169,2025-08-31,push_credit,push,CC_LIMIT,0
h-03334,30169,2025-09-25,sms_refinance,sms,REFIN_12,0
h-03335,30170,2025-01-25,push_cashback,push,CASHBACK_5,0
h-03336,30170,2025-02-14,call_collect,call,COLLECT_01,0
h-03337,30170,2025-03-09,push_service,push,PUSH_ON,0
h-03338,30170,2025-03-17,push_credit,push,CC_LIMIT,1
h-03339,30170,2025-04-07,sms_cashback,sms,CASHBACK_5,1
h-03340,30170,2025-05-05,push_credit,push,CC_LIMIT,0
h-03341,30170,2025-05-19,push_service,push,PUSH_ON,1
h-03342,30170,2025-06-08,push_cashback,push,CASHBACK_5,0
h-03343,30170,2025-06-21,push_cashback,push,CASHBACK_5,0
h-03344,30170,2025-07-05,push_credit,push,CC_LIMIT,0
h-03345,30170,2025-07-27,call_collect,call,COLLECT_01,0
h-03346,30170,2025-08-23,push_credit,push,CC_LIMIT,0
h-03347,30170,2025-09-13,push_cashback,push,CASHBACK_5,1
h-03348,30170,2025-09-23,sms_refinance,sms,REFIN_12,0
h-03349,30170,2025-10-21,sms_cashback,sms,CASHBACK_5,0
h-03350,30170,2025-11-09,push_service,push,PUSH_ON,0
h-03351,30170,2025-11-21,push_credit,push,CC_LIMIT,0
h-03352,30170,2025-12-10,call_collect,call,COLLECT_01,0
h-03353,30170,2025-12-20,push_credit,push,CC_LIMIT,0
h-03354,30170,2025-12-31,push_service,push,PUSH_ON,1
h-03355,30170,2026-01-09,email_cashback,email,CASHBACK_5,0
h-03356,30170,2026-01-19,sms_refinance,sms,REFIN_12,0
h-03357,30170,2026-02-14,sms_cashback,sms,CASHBACK_5,0
h-03358,30170,2026-02-25,sms_cashback,sms,CASHBACK_5,1
h-03359,30170,2026-03-11,push_credit,push,CC_LIMIT,1
h-03360,30170,2026-03-23,push_credit,push,CC_LIMIT,0
h-03361,30170,2026-04-03,call_collect,call,COLLECT_01,0
h-03362,30171,2025-02-02,push_cashback,push,CASHBACK_5,0
h-03363,30171,2025-02-12,call_collect,call,COLLECT_01,0
h-03364,30171,2025-03-12,sms_cashback,sms,CASHBACK_5,0
h-03365,30171,2025-03-27,call_collect,call,COLLECT_01,1
h-03366,30171,2025-04-22,sms_refinance,sms,REFIN_12,0
h-03367,30171,2025-05-02,sms_cashback,sms,CASHBACK_5,0
h-03368,30171,2025-05-16,push_service,push,PUSH_ON,1
h-03369,30171,2025-05-31,push_service,push,PUSH_ON,0
h-03370,30171,2025-06-25,push_cashback,push,CASHBACK_5,0
h-03371,30171,2025-07-22,push_service,push,PUSH_ON,1
h-03372,30171,2025-08-10,sms_refinance,sms,REFIN_12,0
h-03373,30171,2025-09-01,email_cashback,email,CASHBACK_5,0
h-03374,30171,2025-09-24,sms_refinance,sms,REFIN_12,0
h-03375,30171,2025-10-05,push_cashback,push,CASHBACK_5,0
h-03376,30171,2025-10-21,sms_cashback,sms,CASHBACK_5,0
h-03377,30171,2025-11-05,push_cashback,push,CASHBACK_5,0
h-03378,30171,2025-11-30,sms_refinance,sms,REFIN_12,0
h-03379,30171,2025-12-14,sms_cashback,sms,CASHBACK_5,0
h-03380,30171,2026-01-04,push_cashback,push,CASHBACK_5,0
h-03381,30171,2026-01-12,push_cashback,push,CASHBACK_5,0
h-03382,30171,2026-02-09,push_cashback,push,CASHBACK_5,0
h-03383,30171,2026-02-19,call_collect,call,COLLECT_01,0
h-03384,30171,2026-03-03,sms_refinance,sms,REFIN_12,0
h-03385,30171,2026-03-24,sms_refinance,sms,REFIN_12,1
h-03386,30171,2026-04-10,push_service,push,PUSH_ON,0
h-03387,30172,2025-01-18,call_collect,call,COLLECT_01,0
h-03388,30172,2025-02-11,push_cashback,push,CASHBACK_5,0
h-03389,30172,2025-02-22,push_cashback,push,CASHBACK_5,0
h-03390,30172,2025-03-16,push_cashback,push,CASHBACK_5,1
h-03391,30172,2025-04-01,push_service,push,PUSH_ON,0
h-03392,30172,2025-04-15,push_service,push,PUSH_ON,0
h-03393,30172,2025-04-27,email_cashback,email,CASHBACK_5,0
h-03394,30172,2025-05-17,push_service,push,PUSH_ON,1
h-03395,30172,2025-06-13,sms_refinance,sms,REFIN_12,0
h-03396,30172,2025-06-26,push_credit,push,CC_LIMIT,0
h-03397,30172,2025-07-09,push_service,push,PUSH_ON,0
h-03398,30172,2025-07-23,push_cashback,push,CASHBACK_5,1
h-03399,30172,2025-08-20,push_service,push,PUSH_ON,1
h-03400,30172,2025-09-03,push_service,push,PUSH_ON,0
h-03401,30172,2025-09-29,push_service,push,PUSH_ON,0
h-03402,30172,2025-10-21,push_service,push,PUSH_ON,1
h-03403,30172,2025-11-14,sms_cashback,sms,CASHBACK_5,1
h-03404,30172,2025-11-29,sms_cashback,sms,CASHBACK_5,0
h-03405,30172,2025-12-25,push_cashback,push,CASHBACK_5,1
h-03406,30172,2026-01-19,push_cashback,push,CASHBACK_5,0
h-03407,30172,2026-02-03,sms_cashback,sms,CASHBACK_5,0
h-03408,30172,2026-02-21,sms_refinance,sms,REFIN_12,0
h-03409,30172,2026-03-12,push_cashback,push,CASHBACK_5,1
h-03410,30173,2025-01-13,sms_cashback,sms,CASHBACK_5,0
h-03411,30173,2025-02-05,email_cashback,email,CASHBACK_5,0
h-03412,30173,2025-02-13,sms_cashback,sms,CASHBACK_5,0
h-03413,30173,2025-03-02,sms_cashback,sms,CASHBACK_5,0
h-03414,30173,2025-03-24,call_collect,call,COLLECT_01,0
h-03415,30173,2025-04-03,push_cashback,push,CASHBACK_5,0
h-03416,30173,2025-04-30,email_cashback,email,CASHBACK_5,0
h-03417,30173,2025-05-24,sms_cashback,sms,CASHBACK_5,0
h-03418,30173,2025-06-14,push_cashback,push,CASHBACK_5,0
h-03419,30173,2025-06-28,email_cashback,email,CASHBACK_5,0
h-03420,30173,2025-07-22,sms_cashback,sms,CASHBACK_5,0
h-03421,30173,2025-08-01,sms_cashback,sms,CASHBACK_5,1
h-03422,30173,2025-08-24,sms_refinance,sms,REFIN_12,1
h-03423,30173,2025-09-16,push_service,push,PUSH_ON,0
h-03424,30173,2025-09-30,email_cashback,email,CASHBACK_5,0
h-03425,30173,2025-10-23,sms_refinance,sms,REFIN_12,0
h-03426,30173,2025-11-09,email_cashback,email,CASHBACK_5,0
h-03427,30173,2025-11-28,push_cashback,push,CASHBACK_5,0
h-03428,30173,2025-12-07,email_cashback,email,CASHBACK_5,0
h-03429,30173,2025-12-18,push_service,push,PUSH_ON,0
h-03430,30173,2026-01-01,push_cashback,push,CASHBACK_5,0
h-03431,30173,2026-01-26,push_credit,push,CC_LIMIT,0
h-03432,30173,2026-02-12,push_cashback,push,CASHBACK_5,0
h-03433,30173,2026-02-25,push_service,push,PUSH_ON,0
h-03434,30173,2026-03-13,sms_refinance,sms,REFIN_12,0
h-03435,30173,2026-03-28,call_collect,call,COLLECT_01,0
h-03436,30173,2026-04-06,push_service,push,PUSH_ON,1
h-03437,30173,2026-04-24,email_cashback,email,CASHBACK_5,0
h-03438,30174,2025-01-28,call_collect,call,COLLECT_01,0
h-03439,30174,2025-02-17,push_service,push,PUSH_ON,0
h-03440,30174,2025-03-16,push_cashback,push,CASHBACK_5,1
h-03441,30174,2025-04-11,sms_cashback,sms,CASHBACK_5,0
h-03442,30174,2025-04-27,push_cashback,push,CASHBACK_5,0
h-03443,30174,2025-05-17,call_collect,call,COLLECT_01,0
h-03444,30174,2025-06-06,push_credit,push,CC_LIMIT,0
h-03445,30174,2025-06-23,email_cashback,email,CASHBACK_5,0
h-03446,30174,2025-07-21,sms_cashback,sms,CASHBACK_5,1
h-03447,30174,2025-08-03,sms_refinance,sms,REFIN_12,0
h-03448,30174,2025-08-24,push_cashback,push,CASHBACK_5,0
h-03449,30174,2025-09-15,sms_cashback,sms,CASHBACK_5,0
h-03450,30174,2025-10-11,push_service,push,PUSH_ON,1
h-03451,30174,2025-11-08,email_cashback,email,CASHBACK_5,0
h-03452,30174,2025-12-02,email_cashback,email,CASHBACK_5,0
h-03453,30174,2025-12-30,call_collect,call,COLLECT_01,0
h-03454,30174,2026-01-11,push_service,push,PUSH_ON,0
h-03455,30174,2026-01-28,call_collect,call,COLLECT_01,0
h-03456,30174,2026-02-10,call_collect,call,COLLECT_01,0
h-03457,30174,2026-03-02,sms_refinance,sms,REFIN_12,0
h-03458,30174,2026-03-27,sms_refinance,sms,REFIN_12,0
h-03459,30174,2026-04-09,call_collect,call,COLLECT_01,0
h-03460,30174,2026-05-03,sms_cashback,sms,CASHBACK_5,0
h-03461,30174,2026-05-12,sms_cashback,sms,CASHBACK_5,1
h-03462,30174,2026-06-05,push_cashback,push,CASHBACK_5,0
h-03463,30174,2026-06-27,push_service,push,PUSH_ON,1
h-03464,30175,2025-01-27,push_cashback,push,CASHBACK_5,0
h-03465,30175,2025-02-11,push_cashback,push,CASHBACK_5,0
h-03466,30175,2025-03-04,push_cashback,push,CASHBACK_5,0
h-03467,30175,2025-04-01,sms_refinance,sms,REFIN_12,0
h-03468,30175,2025-04-13,call_collect,call,COLLECT_01,0
h-03469,30175,2025-04-29,sms_cashback,sms,CASHBACK_5,0
h-03470,30175,2025-05-14,sms_cashback,sms,CASHBACK_5,1
h-03471,30175,2025-06-04,push_cashback,push,CASHBACK_5,0
h-03472,30175,2025-06-19,sms_refinance,sms,REFIN_12,0
h-03473,30175,2025-07-01,push_service,push,PUSH_ON,1
h-03474,30175,2025-07-14,email_cashback,email,CASHBACK_5,0
h-03475,30175,2025-07-27,sms_cashback,sms,CASHBACK_5,0
h-03476,30175,2025-08-04,push_service,push,PUSH_ON,0
h-03477,30175,2025-08-20,push_credit,push,CC_LIMIT,0
h-03478,30175,2025-09-06,sms_refinance,sms,REFIN_12,0
h-03479,30176,2025-02-01,push_service,push,PUSH_ON,1
h-03480,30176,2025-02-12,push_credit,push,CC_LIMIT,1
h-03481,30176,2025-03-09,push_cashback,push,CASHBACK_5,0
h-03482,30176,2025-03-25,push_service,push,PUSH_ON,0
h-03483,30176,2025-04-19,email_cashback,email,CASHBACK_5,0
h-03484,30176,2025-05-15,push_cashback,push,CASHBACK_5,0
h-03485,30176,2025-06-03,push_credit,push,CC_LIMIT,0
h-03486,30176,2025-06-18,push_credit,push,CC_LIMIT,0
h-03487,30176,2025-07-16,sms_refinance,sms,REFIN_12,1
h-03488,30176,2025-08-03,email_cashback,email,CASHBACK_5,0
h-03489,30176,2025-08-22,email_cashback,email,CASHBACK_5,0
h-03490,30176,2025-09-19,email_cashback,email,CASHBACK_5,1
h-03491,30176,2025-10-01,sms_refinance,sms,REFIN_12,0
h-03492,30176,2025-10-28,call_collect,call,COLLECT_01,0
h-03493,30176,2025-11-19,sms_cashback,sms,CASHBACK_5,0
h-03494,30176,2025-12-12,sms_cashback,sms,CASHBACK_5,0
h-03495,30176,2026-01-06,push_cashback,push,CASHBACK_5,0
h-03496,30176,2026-01-27,email_cashback,email,CASHBACK_5,0
h-03497,30176,2026-02-16,sms_refinance,sms,REFIN_12,0
h-03498,30176,2026-03-12,email_cashback,email,CASHBACK_5,1
h-03499,30177,2025-02-01,push_service,push,PUSH_ON,0
h-03500,30177,2025-02-20,push_cashback,push,CASHBACK_5,1
h-03501,30177,2025-03-05,push_cashback,push,CASHBACK_5,0
h-03502,30177,2025-03-24,sms_refinance,sms,REFIN_12,0
h-03503,30177,2025-04-18,push_credit,push,CC_LIMIT,0
h-03504,30177,2025-04-28,push_credit,push,CC_LIMIT,0
h-03505,30177,2025-05-22,push_cashback,push,CASHBACK_5,0
h-03506,30177,2025-05-30,push_service,push,PUSH_ON,0
h-03507,30177,2025-06-10,sms_refinance,sms,REFIN_12,0
h-03508,30177,2025-06-18,call_collect,call,COLLECT_01,0
h-03509,30177,2025-07-10,sms_cashback,sms,CASHBACK_5,0
h-03510,30177,2025-07-22,sms_cashback,sms,CASHBACK_5,0
h-03511,30177,2025-08-10,push_service,push,PUSH_ON,1
h-03512,30177,2025-08-19,email_cashback,email,CASHBACK_5,0
h-03513,30177,2025-09-11,email_cashback,email,CASHBACK_5,0
h-03514,30177,2025-09-24,sms_cashback,sms,CASHBACK_5,0
h-03515,30177,2025-10-11,call_collect,call,COLLECT_01,0
h-03516,30177,2025-11-01,email_cashback,email,CASHBACK_5,0
h-03517,30177,2025-11-24,sms_cashback,sms,CASHBACK_5,0
h-03518,30177,2025-12-14,push_service,push,PUSH_ON,1
h-03519,30177,2025-12-24,push_service,push,PUSH_ON,1
h-03520,30177,2026-01-21,email_cashback,email,CASHBACK_5,0
h-03521,30178,2025-01-24,call_collect,call,COLLECT_01,0
h-03522,30178,2025-02-01,push_credit,push,CC_LIMIT,0
h-03523,30178,2025-02-15,push_cashback,push,CASHBACK_5,0
h-03524,30178,2025-02-26,push_service,push,PUSH_ON,0
h-03525,30178,2025-03-19,sms_cashback,sms,CASHBACK_5,1
h-03526,30178,2025-03-31,sms_cashback,sms,CASHBACK_5,1
h-03527,30178,2025-04-09,push_credit,push,CC_LIMIT,0
h-03528,30178,2025-04-19,call_collect,call,COLLECT_01,0
h-03529,30178,2025-05-17,push_credit,push,CC_LIMIT,0
h-03530,30178,2025-05-27,push_service,push,PUSH_ON,0
h-03531,30178,2025-06-11,call_collect,call,COLLECT_01,0
h-03532,30178,2025-06-21,push_service,push,PUSH_ON,0
h-03533,30178,2025-07-18,sms_cashback,sms,CASHBACK_5,0
h-03534,30178,2025-08-05,push_service,push,PUSH_ON,0
h-03535,30178,2025-08-17,push_credit,push,CC_LIMIT,0
h-03536,30178,2025-09-08,email_cashback,email,CASHBACK_5,0
h-03537,30178,2025-10-06,push_service,push,PUSH_ON,0
h-03538,30178,2025-10-17,push_service,push,PUSH_ON,0
h-03539,30179,2025-02-02,push_cashback,push,CASHBACK_5,0
h-03540,30179,2025-02-18,call_collect,call,COLLECT_01,1
h-03541,30179,2025-03-01,sms_refinance,sms,REFIN_12,0
h-03542,30179,2025-03-12,sms_refinance,sms,REFIN_12,0
h-03543,30179,2025-03-31,sms_refinance,sms,REFIN_12,1
h-03544,30179,2025-04-09,sms_cashback,sms,CASHBACK_5,0
h-03545,30179,2025-05-01,push_service,push,PUSH_ON,1
h-03546,30179,2025-05-23,push_cashback,push,CASHBACK_5,0
h-03547,30179,2025-06-15,call_collect,call,COLLECT_01,0
h-03548,30179,2025-07-09,push_cashback,push,CASHBACK_5,0
h-03549,30179,2025-07-22,call_collect,call,COLLECT_01,0
h-03550,30179,2025-08-10,push_credit,push,CC_LIMIT,0
h-03551,30179,2025-08-30,push_service,push,PUSH_ON,0
h-03552,30179,2025-09-16,push_service,push,PUSH_ON,1
h-03553,30179,2025-10-01,push_cashback,push,CASHBACK_5,0
h-03554,30179,2025-10-19,call_collect,call,COLLECT_01,0
h-03555,30179,2025-11-03,sms_refinance,sms,REFIN_12,1
h-03556,30179,2025-11-16,sms_cashback,sms,CASHBACK_5,0
h-03557,30179,2025-12-08,push_cashback,push,CASHBACK_5,0
h-03558,30179,2026-01-01,push_cashback,push,CASHBACK_5,0
h-03559,30179,2026-01-26,call_collect,call,COLLECT_01,0
h-03560,30179,2026-02-05,call_collect,call,COLLECT_01,0
h-03561,30179,2026-02-21,sms_refinance,sms,REFIN_12,0
h-03562,30179,2026-03-13,push_service,push,PUSH_ON,0
h-03563,30180,2025-01-23,push_service,push,PUSH_ON,1
h-03564,30180,2025-02-02,sms_cashback,sms,CASHBACK_5,0
h-03565,30180,2025-02-15,push_service,push,PUSH_ON,1
h-03566,30180,2025-03-06,call_collect,call,COLLECT_01,0
h-03567,30180,2025-04-01,email_cashback,email,CASHBACK_5,0
h-03568,30180,2025-04-22,push_service,push,PUSH_ON,1
h-03569,30180,2025-05-09,push_credit,push,CC_LIMIT,1
h-03570,30180,2025-05-18,sms_refinance,sms,REFIN_12,0
h-03571,30180,2025-06-14,call_collect,call,COLLECT_01,0
h-03572,30180,2025-07-07,push_service,push,PUSH_ON,0
h-03573,30180,2025-07-21,push_service,push,PUSH_ON,0
h-03574,30180,2025-08-04,push_service,push,PUSH_ON,1
h-03575,30180,2025-08-30,call_collect,call,COLLECT_01,0
h-03576,30180,2025-09-08,email_cashback,email,CASHBACK_5,0
h-03577,30180,2025-09-25,email_cashback,email,CASHBACK_5,0
h-03578,30180,2025-10-08,push_service,push,PUSH_ON,1
h-03579,30180,2025-10-31,push_credit,push,CC_LIMIT,0
h-03580,30180,2025-11-28,sms_cashback,sms,CASHBACK_5,1
h-03581,30180,2025-12-16,sms_refinance,sms,REFIN_12,0
h-03582,30181,2025-01-31,sms_cashback,sms,CASHBACK_5,1
h-03583,30181,2025-02-28,sms_refinance,sms,REFIN_12,0
h-03584,30181,2025-03-19,email_cashback,email,CASHBACK_5,0
h-03585,30181,2025-04-08,push_cashback,push,CASHBACK_5,1
h-03586,30181,2025-05-03,push_cashback,push,CASHBACK_5,1
h-03587,30181,2025-05-15,email_cashback,email,CASHBACK_5,0
h-03588,30181,2025-05-30,email_cashback,email,CASHBACK_5,0
h-03589,30181,2025-06-16,push_cashback,push,CASHBACK_5,1
h-03590,30181,2025-07-14,push_cashback,push,CASHBACK_5,0
h-03591,30181,2025-08-10,sms_cashback,sms,CASHBACK_5,0
h-03592,30181,2025-08-28,sms_cashback,sms,CASHBACK_5,0
h-03593,30181,2025-09-23,email_cashback,email,CASHBACK_5,1
h-03594,30181,2025-10-16,push_service,push,PUSH_ON,0
h-03595,30181,2025-10-27,push_cashback,push,CASHBACK_5,0
h-03596,30181,2025-11-04,sms_cashback,sms,CASHBACK_5,0
h-03597,30181,2025-11-18,push_credit,push,CC_LIMIT,0
h-03598,30181,2025-11-27,call_collect,call,COLLECT_01,0
h-03599,30181,2025-12-17,push_credit,push,CC_LIMIT,0
h-03600,30181,2025-12-26,push_credit,push,CC_LIMIT,1
h-03601,30181,2026-01-07,push_cashback,push,CASHBACK_5,0
h-03602,30181,2026-01-29,call_collect,call,COLLECT_01,0
h-03603,30181,2026-02-17,push_cashback,push,CASHBACK_5,1
h-03604,30181,2026-03-10,sms_refinance,sms,REFIN_12,0
h-03605,30181,2026-03-28,call_collect,call,COLLECT_01,0
h-03606,30181,2026-04-22,push_service,push,PUSH_ON,0
h-03607,30181,2026-05-02,email_cashback,email,CASHBACK_5,0
h-03608,30181,2026-05-21,sms_cashback,sms,CASHBACK_5,0
h-03609,30182,2025-01-22,sms_cashback,sms,CASHBACK_5,0
h-03610,30182,2025-02-06,sms_cashback,sms,CASHBACK_5,0
h-03611,30182,2025-02-18,push_credit,push,CC_LIMIT,0
h-03612,30182,2025-03-18,push_cashback,push,CASHBACK_5,1
h-03613,30182,2025-04-04,push_cashback,push,CASHBACK_5,1
h-03614,30182,2025-05-02,call_collect,call,COLLECT_01,0
h-03615,30182,2025-05-15,sms_cashback,sms,CASHBACK_5,1
h-03616,30182,2025-06-03,email_cashback,email,CASHBACK_5,0
h-03617,30182,2025-06-24,sms_refinance,sms,REFIN_12,0
h-03618,30182,2025-07-18,sms_cashback,sms,CASHBACK_5,0
h-03619,30182,2025-07-30,sms_cashback,sms,CASHBACK_5,0
h-03620,30182,2025-08-26,push_service,push,PUSH_ON,0
h-03621,30182,2025-09-09,call_collect,call,COLLECT_01,0
h-03622,30182,2025-09-27,push_service,push,PUSH_ON,1
h-03623,30182,2025-10-13,push_credit,push,CC_LIMIT,0
h-03624,30182,2025-11-01,email_cashback,email,CASHBACK_5,0
h-03625,30182,2025-11-22,sms_cashback,sms,CASHBACK_5,0
h-03626,30182,2025-12-18,sms_cashback,sms,CASHBACK_5,0
h-03627,30182,2026-01-12,push_credit,push,CC_LIMIT,0
h-03628,30182,2026-01-21,push_service,push,PUSH_ON,1
h-03629,30182,2026-02-14,push_cashback,push,CASHBACK_5,1
h-03630,30182,2026-03-04,push_cashback,push,CASHBACK_5,0
h-03631,30182,2026-03-23,push_cashback,push,CASHBACK_5,1
h-03632,30183,2025-01-22,sms_cashback,sms,CASHBACK_5,0
h-03633,30183,2025-02-19,sms_refinance,sms,REFIN_12,0
h-03634,30183,2025-03-06,push_service,push,PUSH_ON,0
h-03635,30183,2025-03-25,push_service,push,PUSH_ON,0
h-03636,30183,2025-04-12,push_credit,push,CC_LIMIT,0
h-03637,30183,2025-05-06,call_collect,call,COLLECT_01,0
h-03638,30183,2025-05-30,push_service,push,PUSH_ON,0
h-03639,30183,2025-06-12,sms_refinance,sms,REFIN_12,0
h-03640,30183,2025-06-22,sms_refinance,sms,REFIN_12,0
h-03641,30183,2025-07-09,push_service,push,PUSH_ON,0
h-03642,30183,2025-08-06,sms_cashback,sms,CASHBACK_5,0
h-03643,30183,2025-08-23,push_service,push,PUSH_ON,0
h-03644,30183,2025-09-02,sms_refinance,sms,REFIN_12,0
h-03645,30183,2025-09-23,sms_cashback,sms,CASHBACK_5,0
h-03646,30183,2025-10-08,sms_cashback,sms,CASHBACK_5,0
h-03647,30183,2025-10-22,sms_refinance,sms,REFIN_12,0
h-03648,30184,2025-01-30,push_credit,push,CC_LIMIT,0
h-03649,30184,2025-02-27,call_collect,call,COLLECT_01,0
h-03650,30184,2025-03-18,call_collect,call,COLLECT_01,0
h-03651,30184,2025-03-26,sms_cashback,sms,CASHBACK_5,1
h-03652,30184,2025-04-09,sms_refinance,sms,REFIN_12,0
h-03653,30184,2025-05-02,push_cashback,push,CASHBACK_5,0
h-03654,30184,2025-05-24,call_collect,call,COLLECT_01,0
h-03655,30184,2025-06-06,push_cashback,push,CASHBACK_5,1
h-03656,30184,2025-06-25,sms_refinance,sms,REFIN_12,0
h-03657,30184,2025-07-14,push_service,push,PUSH_ON,0
h-03658,30184,2025-07-25,push_service,push,PUSH_ON,1
h-03659,30184,2025-08-13,email_cashback,email,CASHBACK_5,0
h-03660,30184,2025-08-25,push_cashback,push,CASHBACK_5,1
h-03661,30184,2025-09-20,push_cashback,push,CASHBACK_5,0
h-03662,30184,2025-10-18,sms_refinance,sms,REFIN_12,0
h-03663,30184,2025-11-09,push_service,push,PUSH_ON,0
h-03664,30184,2025-11-25,call_collect,call,COLLECT_01,0
h-03665,30184,2025-12-15,push_service,push,PUSH_ON,0
h-03666,30185,2025-01-30,call_collect,call,COLLECT_01,0
h-03667,30185,2025-02-21,push_cashback,push,CASHBACK_5,1
h-03668,30185,2025-03-16,sms_cashback,sms,CASHBACK_5,0
h-03669,30185,2025-04-10,sms_cashback,sms,CASHBACK_5,0
h-03670,30185,2025-04-27,email_cashback,email,CASHBACK_5,0
h-03671,30185,2025-05-22,sms_cashback,sms,CASHBACK_5,0
h-03672,30185,2025-06-09,push_service,push,PUSH_ON,1
h-03673,30185,2025-06-29,sms_cashback,sms,CASHBACK_5,0
h-03674,30185,2025-07-24,email_cashback,email,CASHBACK_5,0
h-03675,30185,2025-08-15,push_service,push,PUSH_ON,0
h-03676,30185,2025-08-28,call_collect,call,COLLECT_01,0
h-03677,30185,2025-09-09,email_cashback,email,CASHBACK_5,0
h-03678,30185,2025-09-21,push_cashback,push,CASHBACK_5,0
h-03679,30185,2025-10-12,push_service,push,PUSH_ON,1
h-03680,30185,2025-10-30,call_collect,call,COLLECT_01,0
h-03681,30185,2025-11-22,push_credit,push,CC_LIMIT,1
h-03682,30185,2025-12-13,push_credit,push,CC_LIMIT,1
h-03683,30185,2025-12-23,call_collect,call,COLLECT_01,0
h-03684,30185,2026-01-09,push_credit,push,CC_LIMIT,0
h-03685,30185,2026-01-21,push_service,push,PUSH_ON,1
h-03686,30185,2026-02-11,push_credit,push,CC_LIMIT,0
h-03687,30185,2026-03-06,sms_cashback,sms,CASHBACK_5,0
h-03688,30185,2026-03-15,push_service,push,PUSH_ON,1
h-03689,30185,2026-03-23,push_service,push,PUSH_ON,0
h-03690,30185,2026-04-19,push_cashback,push,CASHBACK_5,1
h-03691,30185,2026-05-02,push_credit,push,CC_LIMIT,0
h-03692,30185,2026-05-11,push_cashback,push,CASHBACK_5,0
h-03693,30186,2025-01-15,sms_cashback,sms,CASHBACK_5,0
h-03694,30186,2025-01-30,sms_refinance,sms,REFIN_12,1
h-03695,30186,2025-02-15,email_cashback,email,CASHBACK_5,0
h-03696,30186,2025-02-26,sms_refinance,sms,REFIN_12,0
h-03697,30186,2025-03-10,sms_refinance,sms,REFIN_12,1
h-03698,30186,2025-04-05,push_cashback,push,CASHBACK_5,0
h-03699,30186,2025-04-15,push_service,push,PUSH_ON,1
h-03700,30186,2025-05-02,push_cashback,push,CASHBACK_5,0
h-03701,30186,2025-05-24,push_cashback,push,CASHBACK_5,0
h-03702,30186,2025-06-15,call_collect,call,COLLECT_01,0
h-03703,30186,2025-06-29,push_service,push,PUSH_ON,0
h-03704,30186,2025-07-27,push_cashback,push,CASHBACK_5,0
h-03705,30186,2025-08-18,push_cashback,push,CASHBACK_5,0
h-03706,30186,2025-09-06,email_cashback,email,CASHBACK_5,0
h-03707,30187,2025-01-20,sms_refinance,sms,REFIN_12,0
h-03708,30187,2025-02-14,push_cashback,push,CASHBACK_5,0
h-03709,30187,2025-03-09,call_collect,call,COLLECT_01,0
h-03710,30187,2025-03-24,email_cashback,email,CASHBACK_5,0
h-03711,30187,2025-04-03,call_collect,call,COLLECT_01,0
h-03712,30187,2025-04-25,sms_refinance,sms,REFIN_12,0
h-03713,30187,2025-05-05,push_service,push,PUSH_ON,0
h-03714,30187,2025-05-25,push_credit,push,CC_LIMIT,0
h-03715,30187,2025-06-06,sms_refinance,sms,REFIN_12,1
h-03716,30187,2025-06-18,push_credit,push,CC_LIMIT,0
h-03717,30187,2025-07-01,push_cashback,push,CASHBACK_5,0
h-03718,30187,2025-07-14,call_collect,call,COLLECT_01,0
h-03719,30187,2025-08-04,push_cashback,push,CASHBACK_5,0
h-03720,30187,2025-09-01,sms_refinance,sms,REFIN_12,0
h-03721,30187,2025-09-20,sms_cashback,sms,CASHBACK_5,0
h-03722,30187,2025-10-05,push_credit,push,CC_LIMIT,0
h-03723,30187,2025-10-30,push_cashback,push,CASHBACK_5,0
h-03724,30187,2025-11-16,push_cashback,push,CASHBACK_5,0
h-03725,30188,2025-01-23,call_collect,call,COLLECT_01,0
h-03726,30188,2025-02-02,sms_cashback,sms,CASHBACK_5,0
h-03727,30188,2025-03-02,push_credit,push,CC_LIMIT,0
h-03728,30188,2025-03-19,call_collect,call,COLLECT_01,0
h-03729,30188,2025-04-08,sms_cashback,sms,CASHBACK_5,1
h-03730,30188,2025-05-02,push_service,push,PUSH_ON,0
h-03731,30188,2025-05-28,call_collect,call,COLLECT_01,1
h-03732,30188,2025-06-07,sms_refinance,sms,REFIN_12,0
h-03733,30188,2025-06-16,sms_refinance,sms,REFIN_12,0
h-03734,30188,2025-06-29,call_collect,call,COLLECT_01,0
h-03735,30188,2025-07-15,email_cashback,email,CASHBACK_5,1
h-03736,30188,2025-08-02,sms_refinance,sms,REFIN_12,0
h-03737,30188,2025-08-30,call_collect,call,COLLECT_01,0
h-03738,30188,2025-09-08,push_cashback,push,CASHBACK_5,0
h-03739,30188,2025-09-30,sms_cashback,sms,CASHBACK_5,0
h-03740,30188,2025-10-19,sms_cashback,sms,CASHBACK_5,1
h-03741,30189,2025-01-13,sms_cashback,sms,CASHBACK_5,0
h-03742,30189,2025-01-29,sms_refinance,sms,REFIN_12,0
h-03743,30189,2025-02-22,sms_cashback,sms,CASHBACK_5,1
h-03744,30189,2025-03-18,sms_refinance,sms,REFIN_12,1
h-03745,30189,2025-04-13,push_cashback,push,CASHBACK_5,0
h-03746,30189,2025-04-30,call_collect,call,COLLECT_01,1
h-03747,30189,2025-05-20,sms_refinance,sms,REFIN_12,0
h-03748,30189,2025-06-14,sms_cashback,sms,CASHBACK_5,0
h-03749,30189,2025-06-24,call_collect,call,COLLECT_01,0
h-03750,30189,2025-07-05,sms_cashback,sms,CASHBACK_5,0
h-03751,30189,2025-07-18,sms_cashback,sms,CASHBACK_5,0
h-03752,30189,2025-08-01,call_collect,call,COLLECT_01,0
h-03753,30189,2025-08-19,push_service,push,PUSH_ON,1
h-03754,30189,2025-09-10,call_collect,call,COLLECT_01,0
h-03755,30189,2025-09-21,push_service,push,PUSH_ON,1
h-03756,30189,2025-10-19,call_collect,call,COLLECT_01,0
h-03757,30190,2025-01-15,push_service,push,PUSH_ON,0
h-03758,30190,2025-02-07,email_cashback,email,CASHBACK_5,0
h-03759,30190,2025-03-05,sms_refinance,sms,REFIN_12,1
h-03760,30190,2025-03-25,sms_refinance,sms,REFIN_12,1
h-03761,30190,2025-04-03,call_collect,call,COLLECT_01,0
h-03762,30190,2025-04-27,email_cashback,email,CASHBACK_5,0
h-03763,30190,2025-05-17,push_cashback,push,CASHBACK_5,0
h-03764,30190,2025-05-31,push_credit,push,CC_LIMIT,0
h-03765,30190,2025-06-13,call_collect,call,COLLECT_01,0
h-03766,30190,2025-06-21,sms_cashback,sms,CASHBACK_5,0
h-03767,30190,2025-07-17,push_service,push,PUSH_ON,1
h-03768,30190,2025-07-29,sms_refinance,sms,REFIN_12,0
h-03769,30190,2025-08-24,push_cashback,push,CASHBACK_5,0
h-03770,30190,2025-09-03,sms_refinance,sms,REFIN_12,0
h-03771,30190,2025-09-13,sms_cashback,sms,CASHBACK_5,0
h-03772,30190,2025-09-27,sms_refinance,sms,REFIN_12,0
h-03773,30190,2025-10-16,call_collect,call,COLLECT_01,1
h-03774,30191,2025-01-21,sms_refinance,sms,REFIN_12,0
h-03775,30191,2025-02-12,push_cashback,push,CASHBACK_5,0
h-03776,30191,2025-03-08,sms_refinance,sms,REFIN_12,1
h-03777,30191,2025-03-21,push_service,push,PUSH_ON,0
h-03778,30191,2025-03-30,push_credit,push,CC_LIMIT,0
h-03779,30191,2025-04-24,push_service,push,PUSH_ON,1
h-03780,30191,2025-05-16,sms_cashback,sms,CASHBACK_5,0
h-03781,30191,2025-06-09,sms_refinance,sms,REFIN_12,0
h-03782,30191,2025-07-05,sms_refinance,sms,REFIN_12,0
h-03783,30191,2025-07-27,sms_cashback,sms,CASHBACK_5,0
h-03784,30191,2025-08-23,sms_refinance,sms,REFIN_12,0
h-03785,30191,2025-09-17,push_cashback,push,CASHBACK_5,0
h-03786,30191,2025-10-07,call_collect,call,COLLECT_01,0
h-03787,30191,2025-11-04,sms_cashback,sms,CASHBACK_5,0
h-03788,30192,2025-01-15,call_collect,call,COLLECT_01,0
h-03789,30192,2025-01-27,push_cashback,push,CASHBACK_5,1
h-03790,30192,2025-02-16,sms_cashback,sms,CASHBACK_5,0
h-03791,30192,2025-03-13,push_cashback,push,CASHBACK_5,0
h-03792,30192,2025-04-04,call_collect,call,COLLECT_01,0
h-03793,30192,2025-04-22,call_collect,call,COLLECT_01,1
h-03794,30192,2025-05-18,push_service,push,PUSH_ON,0
h-03795,30192,2025-06-06,push_cashback,push,CASHBACK_5,1
h-03796,30192,2025-07-04,sms_refinance,sms,REFIN_12,0
h-03797,30192,2025-07-13,sms_refinance,sms,REFIN_12,1
h-03798,30192,2025-08-02,email_cashback,email,CASHBACK_5,0
h-03799,30192,2025-08-28,call_collect,call,COLLECT_01,0
h-03800,30192,2025-09-19,push_service,push,PUSH_ON,1
h-03801,30192,2025-10-09,sms_cashback,sms,CASHBACK_5,0
h-03802,30192,2025-10-28,email_cashback,email,CASHBACK_5,0
h-03803,30192,2025-11-06,email_cashback,email,CASHBACK_5,0
h-03804,30192,2025-11-17,email_cashback,email,CASHBACK_5,1
h-03805,30193,2025-01-24,push_cashback,push,CASHBACK_5,0
h-03806,30193,2025-02-15,push_cashback,push,CASHBACK_5,0
h-03807,30193,2025-03-03,call_collect,call,COLLECT_01,0
h-03808,30193,2025-03-29,email_cashback,email,CASHBACK_5,0
h-03809,30193,2025-04-18,sms_refinance,sms,REFIN_12,0
h-03810,30193,2025-05-09,sms_refinance,sms,REFIN_12,1
h-03811,30193,2025-05-23,sms_refinance,sms,REFIN_12,1
h-03812,30193,2025-06-17,push_cashback,push,CASHBACK_5,0
h-03813,30193,2025-07-06,sms_cashback,sms,CASHBACK_5,0
h-03814,30193,2025-07-22,call_collect,call,COLLECT_01,0
h-03815,30193,2025-08-15,push_credit,push,CC_LIMIT,0
h-03816,30193,2025-09-10,call_collect,call,COLLECT_01,0
h-03817,30193,2025-09-28,push_cashback,push,CASHBACK_5,0
h-03818,30193,2025-10-15,push_service,push,PUSH_ON,0
h-03819,30193,2025-10-26,push_credit,push,CC_LIMIT,0
h-03820,30193,2025-11-03,push_credit,push,CC_LIMIT,0
h-03821,30193,2025-12-01,sms_refinance,sms,REFIN_12,0
h-03822,30193,2025-12-29,sms_refinance,sms,REFIN_12,0
h-03823,30193,2026-01-15,call_collect,call,COLLECT_01,0
h-03824,30193,2026-02-03,push_cashback,push,CASHBACK_5,0
h-03825,30193,2026-02-23,push_cashback,push,CASHBACK_5,0
h-03826,30193,2026-03-03,push_cashback,push,CASHBACK_5,0
h-03827,30193,2026-03-26,sms_refinance,sms,REFIN_12,1
h-03828,30193,2026-04-09,sms_refinance,sms,REFIN_12,0
h-03829,30193,2026-05-05,push_service,push,PUSH_ON,0
h-03830,30193,2026-05-25,call_collect,call,COLLECT_01,0
h-03831,30194,2025-01-21,push_service,push,PUSH_ON,0
h-03832,30194,2025-02-12,call_collect,call,COLLECT_01,0
h-03833,30194,2025-03-10,call_collect,call,COLLECT_01,0
h-03834,30194,2025-04-04,push_service,push,PUSH_ON,1
h-03835,30194,2025-04-29,push_credit,push,CC_LIMIT,0
h-03836,30194,2025-05-24,sms_cashback,sms,CASHBACK_5,0
h-03837,30194,2025-06-14,sms_refinance,sms,REFIN_12,0
h-03838,30194,2025-07-06,push_service,push,PUSH_ON,1
h-03839,30194,2025-08-03,push_service,push,PUSH_ON,0
h-03840,30194,2025-08-23,push_service,push,PUSH_ON,1
h-03841,30194,2025-09-04,sms_cashback,sms,CASHBACK_5,1
h-03842,30194,2025-10-01,push_cashback,push,CASHBACK_5,1
h-03843,30194,2025-10-29,push_service,push,PUSH_ON,0
h-03844,30194,2025-11-23,sms_cashback,sms,CASHBACK_5,0
h-03845,30194,2025-12-05,push_credit,push,CC_LIMIT,0
h-03846,30194,2025-12-20,sms_refinance,sms,REFIN_12,0
h-03847,30194,2025-12-29,push_cashback,push,CASHBACK_5,0
h-03848,30194,2026-01-08,email_cashback,email,CASHBACK_5,0
h-03849,30194,2026-02-05,push_service,push,PUSH_ON,0
h-03850,30194,2026-02-25,push_service,push,PUSH_ON,0
h-03851,30194,2026-03-13,push_credit,push,CC_LIMIT,0
h-03852,30195,2025-01-23,push_cashback,push,CASHBACK_5,0
h-03853,30195,2025-02-13,sms_refinance,sms,REFIN_12,0
h-03854,30195,2025-03-06,push_cashback,push,CASHBACK_5,0
h-03855,30195,2025-03-20,sms_refinance,sms,REFIN_12,0
h-03856,30195,2025-04-17,push_credit,push,CC_LIMIT,0
h-03857,30195,2025-05-02,push_cashback,push,CASHBACK_5,0
h-03858,30195,2025-05-16,call_collect,call,COLLECT_01,0
h-03859,30195,2025-06-10,push_cashback,push,CASHBACK_5,0
h-03860,30195,2025-06-22,call_collect,call,COLLECT_01,0
h-03861,30195,2025-07-09,sms_cashback,sms,CASHBACK_5,0
h-03862,30195,2025-07-22,sms_cashback,sms,CASHBACK_5,0
h-03863,30195,2025-08-19,push_cashback,push,CASHBACK_5,0
h-03864,30195,2025-09-09,push_service,push,PUSH_ON,1
h-03865,30195,2025-09-26,sms_cashback,sms,CASHBACK_5,0
h-03866,30195,2025-10-06,email_cashback,email,CASHBACK_5,0
h-03867,30195,2025-10-22,call_collect,call,COLLECT_01,0
h-03868,30195,2025-11-02,email_cashback,email,CASHBACK_5,0
h-03869,30195,2025-11-21,push_cashback,push,CASHBACK_5,1
h-03870,30195,2025-12-02,call_collect,call,COLLECT_01,0
h-03871,30195,2025-12-25,email_cashback,email,CASHBACK_5,0
h-03872,30195,2026-01-18,email_cashback,email,CASHBACK_5,0
h-03873,30195,2026-02-10,push_credit,push,CC_LIMIT,1
h-03874,30195,2026-03-05,push_credit,push,CC_LIMIT,0
h-03875,30196,2025-01-31,sms_refinance,sms,REFIN_12,0
h-03876,30196,2025-02-13,call_collect,call,COLLECT_01,0
h-03877,30196,2025-03-12,email_cashback,email,CASHBACK_5,1
h-03878,30196,2025-04-04,call_collect,call,COLLECT_01,0
h-03879,30196,2025-05-02,push_credit,push,CC_LIMIT,0
h-03880,30196,2025-05-19,call_collect,call,COLLECT_01,0
h-03881,30196,2025-06-02,push_credit,push,CC_LIMIT,0
h-03882,30196,2025-06-28,email_cashback,email,CASHBACK_5,0
h-03883,30196,2025-07-09,sms_cashback,sms,CASHBACK_5,0
h-03884,30196,2025-07-17,sms_refinance,sms,REFIN_12,0
h-03885,30196,2025-08-03,sms_refinance,sms,REFIN_12,1
h-03886,30196,2025-08-29,push_credit,push,CC_LIMIT,0
h-03887,30196,2025-09-20,push_credit,push,CC_LIMIT,0
h-03888,30196,2025-10-07,sms_cashback,sms,CASHBACK_5,0
h-03889,30196,2025-10-20,push_cashback,push,CASHBACK_5,0
h-03890,30196,2025-11-16,push_credit,push,CC_LIMIT,0
h-03891,30196,2025-12-14,email_cashback,email,CASHBACK_5,1
h-03892,30196,2025-12-24,sms_refinance,sms,REFIN_12,0
h-03893,30196,2026-01-13,push_credit,push,CC_LIMIT,0
h-03894,30196,2026-02-04,push_cashback,push,CASHBACK_5,0
h-03895,30196,2026-02-18,push_cashback,push,CASHBACK_5,0
h-03896,30196,2026-03-08,push_credit,push,CC_LIMIT,0
h-03897,30196,2026-03-31,push_service,push,PUSH_ON,0
h-03898,30197,2025-01-18,call_collect,call,COLLECT_01,0
h-03899,30197,2025-02-15,sms_cashback,sms,CASHBACK_5,1
h-03900,30197,2025-03-06,call_collect,call,COLLECT_01,0
h-03901,30197,2025-04-02,email_cashback,email,CASHBACK_5,0
h-03902,30197,2025-04-21,push_service,push,PUSH_ON,0
h-03903,30197,2025-05-10,sms_cashback,sms,CASHBACK_5,0
h-03904,30197,2025-06-03,sms_cashback,sms,CASHBACK_5,0
h-03905,30197,2025-06-15,push_credit,push,CC_LIMIT,1
h-03906,30197,2025-06-26,call_collect,call,COLLECT_01,0
h-03907,30197,2025-07-23,push_credit,push,CC_LIMIT,0
h-03908,30197,2025-08-01,call_collect,call,COLLECT_01,0
h-03909,30197,2025-08-19,push_credit,push,CC_LIMIT,0
h-03910,30197,2025-08-29,call_collect,call,COLLECT_01,0
h-03911,30197,2025-09-18,email_cashback,email,CASHBACK_5,0
h-03912,30197,2025-10-15,call_collect,call,COLLECT_01,0
h-03913,30197,2025-10-29,push_cashback,push,CASHBACK_5,0
h-03914,30197,2025-11-11,sms_refinance,sms,REFIN_12,0
h-03915,30197,2025-12-09,push_credit,push,CC_LIMIT,0
h-03916,30197,2025-12-31,email_cashback,email,CASHBACK_5,1
h-03917,30197,2026-01-25,sms_refinance,sms,REFIN_12,0
h-03918,30197,2026-02-03,push_service,push,PUSH_ON,0
h-03919,30197,2026-02-11,push_cashback,push,CASHBACK_5,0
h-03920,30198,2025-01-29,sms_refinance,sms,REFIN_12,0
h-03921,30198,2025-02-21,sms_cashback,sms,CASHBACK_5,0
h-03922,30198,2025-03-10,push_cashback,push,CASHBACK_5,1
h-03923,30198,2025-03-31,push_cashback,push,CASHBACK_5,1
h-03924,30198,2025-04-08,call_collect,call,COLLECT_01,0
h-03925,30198,2025-04-16,push_cashback,push,CASHBACK_5,0
h-03926,30198,2025-05-11,sms_cashback,sms,CASHBACK_5,0
h-03927,30198,2025-06-04,push_service,push,PUSH_ON,0
h-03928,30198,2025-06-16,push_cashback,push,CASHBACK_5,1
h-03929,30198,2025-06-27,push_cashback,push,CASHBACK_5,0
h-03930,30198,2025-07-17,push_service,push,PUSH_ON,0
h-03931,30198,2025-08-09,call_collect,call,COLLECT_01,0
h-03932,30198,2025-08-17,push_cashback,push,CASHBACK_5,1
h-03933,30198,2025-09-14,sms_cashback,sms,CASHBACK_5,0
h-03934,30198,2025-10-07,push_cashback,push,CASHBACK_5,0
h-03935,30198,2025-10-24,sms_cashback,sms,CASHBACK_5,0
h-03936,30198,2025-11-08,sms_cashback,sms,CASHBACK_5,0
h-03937,30198,2025-12-06,sms_cashback,sms,CASHBACK_5,0
h-03938,30198,2025-12-24,sms_cashback,sms,CASHBACK_5,1
h-03939,30198,2026-01-13,push_service,push,PUSH_ON,0
h-03940,30198,2026-02-09,call_collect,call,COLLECT_01,0
h-03941,30198,2026-03-02,push_service,push,PUSH_ON,0
h-03942,30198,2026-03-29,push_credit,push,CC_LIMIT,0
h-03943,30198,2026-04-19,email_cashback,email,CASHBACK_5,0
h-03944,30198,2026-05-17,email_cashback,email,CASHBACK_5,1
h-03945,30198,2026-05-28,email_cashback,email,CASHBACK_5,0
h-03946,30199,2025-02-02,call_collect,call,COLLECT_01,1
h-03947,30199,2025-02-17,call_collect,call,COLLECT_01,0
h-03948,30199,2025-03-09,sms_cashback,sms,CASHBACK_5,0
h-03949,30199,2025-03-24,call_collect,call,COLLECT_01,0
h-03950,30199,2025-04-18,sms_cashback,sms,CASHBACK_5,0
h-03951,30199,2025-04-28,call_collect,call,COLLECT_01,1
h-03952,30199,2025-05-09,push_service,push,PUSH_ON,1
h-03953,30199,2025-05-22,sms_cashback,sms,CASHBACK_5,0
h-03954,30199,2025-06-10,push_service,push,PUSH_ON,0
h-03955,30199,2025-06-21,email_cashback,email,CASHBACK_5,0
h-03956,30199,2025-07-10,push_service,push,PUSH_ON,0
h-03957,30199,2025-08-03,push_cashback,push,CASHBACK_5,1
h-03958,30199,2025-08-24,push_cashback,push,CASHBACK_5,0
h-03959,30199,2025-09-12,push_credit,push,CC_LIMIT,1
h-03960,30199,2025-10-05,email_cashback,email,CASHBACK_5,0
h-03961,30199,2025-10-29,sms_cashback,sms,CASHBACK_5,1
h-03962,30199,2025-11-14,push_service,push,PUSH_ON,0
h-03963,30199,2025-11-25,call_collect,call,COLLECT_01,0
h-03964,30199,2025-12-22,call_collect,call,COLLECT_01,0
h-03965,30199,2026-01-01,push_cashback,push,CASHBACK_5,0
h-03966,30199,2026-01-11,push_service,push,PUSH_ON,1
h-03967,30199,2026-01-30,push_service,push,PUSH_ON,1
h-03968,30199,2026-02-21,push_service,push,PUSH_ON,1
h-03969,30199,2026-03-10,push_cashback,push,CASHBACK_5,0
h-03970,30199,2026-03-25,sms_refinance,sms,REFIN_12,0
h-03971,30199,2026-04-11,sms_cashback,sms,CASHBACK_5,0
h-03972,30199,2026-05-08,push_service,push,PUSH_ON,0
h-03973,30199,2026-05-24,call_collect,call,COLLECT_01,0
h-03974,30200,2025-01-28,email_cashback,email,CASHBACK_5,0
h-03975,30200,2025-02-08,push_credit,push,CC_LIMIT,0
h-03976,30200,2025-03-07,call_collect,call,COLLECT_01,0
h-03977,30200,2025-03-16,call_collect,call,COLLECT_01,0
h-03978,30200,2025-04-08,sms_refinance,sms,REFIN_12,1
h-03979,30200,2025-05-02,sms_cashback,sms,CASHBACK_5,0
h-03980,30200,2025-05-27,call_collect,call,COLLECT_01,0
h-03981,30200,2025-06-15,sms_cashback,sms,CASHBACK_5,0
h-03982,30200,2025-07-05,call_collect,call,COLLECT_01,0
h-03983,30200,2025-07-25,push_credit,push,CC_LIMIT,0
h-03984,30200,2025-08-10,push_service,push,PUSH_ON,0
h-03985,30200,2025-08-22,push_service,push,PUSH_ON,1
h-03986,30200,2025-09-09,push_cashback,push,CASHBACK_5,1
h-03987,30200,2025-09-27,push_service,push,PUSH_ON,0
h-03988,30200,2025-10-11,call_collect,call,COLLECT_01,1
h-03989,30200,2025-10-30,push_service,push,PUSH_ON,1
h-03990,30200,2025-11-17,call_collect,call,COLLECT_01,0
h-03991,30200,2025-12-09,call_collect,call,COLLECT_01,0
h-03992,30200,2026-01-06,call_collect,call,COLLECT_01,0
h-03993,30200,2026-02-02,call_collect,call,COLLECT_01,0
h-03994,30200,2026-02-20,push_service,push,PUSH_ON,1
h-03995,30200,2026-03-10,push_cashback,push,CASHBACK_5,1
h-03996,30200,2026-03-30,email_cashback,email,CASHBACK_5,0
h-03997,30200,2026-04-18,email_cashback,email,CASHBACK_5,0
h-03998,30200,2026-05-10,call_collect,call,COLLECT_01,0
h-03999,30201,2025-01-17,email_cashback,email,CASHBACK_5,0
h-04000,30201,2025-01-31,email_cashback,email,CASHBACK_5,0
h-04001,30201,2025-02-24,push_credit,push,CC_LIMIT,0
h-04002,30201,2025-03-10,sms_cashback,sms,CASHBACK_5,0
h-04003,30201,2025-03-21,push_cashback,push,CASHBACK_5,0
h-04004,30201,2025-04-05,push_service,push,PUSH_ON,1
h-04005,30201,2025-05-01,push_cashback,push,CASHBACK_5,1
h-04006,30201,2025-05-10,sms_cashback,sms,CASHBACK_5,0
h-04007,30201,2025-06-07,sms_refinance,sms,REFIN_12,0
h-04008,30201,2025-06-30,sms_cashback,sms,CASHBACK_5,0
h-04009,30201,2025-07-28,email_cashback,email,CASHBACK_5,0
h-04010,30201,2025-08-05,sms_refinance,sms,REFIN_12,0
h-04011,30201,2025-08-29,sms_refinance,sms,REFIN_12,0
h-04012,30201,2025-09-12,sms_cashback,sms,CASHBACK_5,0
h-04013,30201,2025-09-22,push_credit,push,CC_LIMIT,0
h-04014,30201,2025-10-04,push_cashback,push,CASHBACK_5,0
h-04015,30201,2025-10-28,call_collect,call,COLLECT_01,0
h-04016,30201,2025-11-24,call_collect,call,COLLECT_01,0
h-04017,30201,2025-12-11,push_cashback,push,CASHBACK_5,0
h-04018,30201,2026-01-06,push_credit,push,CC_LIMIT,0
h-04019,30201,2026-01-23,push_service,push,PUSH_ON,1
h-04020,30202,2025-01-21,sms_cashback,sms,CASHBACK_5,0
h-04021,30202,2025-02-06,sms_cashback,sms,CASHBACK_5,0
h-04022,30202,2025-02-25,email_cashback,email,CASHBACK_5,0
h-04023,30202,2025-03-05,push_credit,push,CC_LIMIT,0
h-04024,30202,2025-03-23,email_cashback,email,CASHBACK_5,0
h-04025,30202,2025-04-11,push_cashback,push,CASHBACK_5,0
h-04026,30202,2025-04-24,sms_cashback,sms,CASHBACK_5,0
h-04027,30202,2025-05-04,call_collect,call,COLLECT_01,0
h-04028,30202,2025-05-21,push_service,push,PUSH_ON,1
h-04029,30202,2025-05-29,call_collect,call,COLLECT_01,0
h-04030,30202,2025-06-21,sms_refinance,sms,REFIN_12,0
h-04031,30202,2025-07-18,push_cashback,push,CASHBACK_5,0
h-04032,30202,2025-08-13,push_cashback,push,CASHBACK_5,1
h-04033,30202,2025-09-02,sms_cashback,sms,CASHBACK_5,0
h-04034,30202,2025-09-17,push_credit,push,CC_LIMIT,1
h-04035,30202,2025-10-06,push_service,push,PUSH_ON,0
h-04036,30202,2025-10-18,push_credit,push,CC_LIMIT,0
h-04037,30202,2025-11-01,call_collect,call,COLLECT_01,0
h-04038,30202,2025-11-23,push_service,push,PUSH_ON,0
h-04039,30202,2025-12-16,push_service,push,PUSH_ON,0
h-04040,30202,2026-01-04,email_cashback,email,CASHBACK_5,0
h-04041,30202,2026-01-12,push_credit,push,CC_LIMIT,0
h-04042,30203,2025-01-16,push_cashback,push,CASHBACK_5,0
h-04043,30203,2025-02-02,call_collect,call,COLLECT_01,0
h-04044,30203,2025-02-13,sms_refinance,sms,REFIN_12,0
h-04045,30203,2025-03-09,push_cashback,push,CASHBACK_5,1
h-04046,30203,2025-03-21,push_credit,push,CC_LIMIT,0
h-04047,30203,2025-04-17,sms_cashback,sms,CASHBACK_5,1
h-04048,30203,2025-05-02,sms_refinance,sms,REFIN_12,0
h-04049,30203,2025-05-12,sms_refinance,sms,REFIN_12,0
h-04050,30203,2025-05-22,call_collect,call,COLLECT_01,0
h-04051,30203,2025-06-19,sms_refinance,sms,REFIN_12,0
h-04052,30203,2025-07-08,email_cashback,email,CASHBACK_5,1
h-04053,30203,2025-07-24,sms_refinance,sms,REFIN_12,0
h-04054,30203,2025-08-13,email_cashback,email,CASHBACK_5,0
h-04055,30203,2025-09-01,email_cashback,email,CASHBACK_5,0
h-04056,30203,2025-09-23,call_collect,call,COLLECT_01,0
h-04057,30203,2025-10-06,sms_refinance,sms,REFIN_12,1
h-04058,30204,2025-01-30,call_collect,call,COLLECT_01,0
h-04059,30204,2025-02-07,sms_cashback,sms,CASHBACK_5,0
h-04060,30204,2025-02-17,sms_refinance,sms,REFIN_12,1
h-04061,30204,2025-03-05,push_cashback,push,CASHBACK_5,0
h-04062,30204,2025-03-22,push_credit,push,CC_LIMIT,0
h-04063,30204,2025-04-09,push_cashback,push,CASHBACK_5,0
h-04064,30204,2025-05-03,call_collect,call,COLLECT_01,1
h-04065,30204,2025-05-20,push_credit,push,CC_LIMIT,0
h-04066,30204,2025-06-15,push_service,push,PUSH_ON,1
h-04067,30204,2025-06-25,sms_refinance,sms,REFIN_12,1
h-04068,30204,2025-07-03,call_collect,call,COLLECT_01,0
h-04069,30204,2025-07-15,call_collect,call,COLLECT_01,1
h-04070,30204,2025-07-24,push_service,push,PUSH_ON,0
h-04071,30204,2025-08-12,sms_refinance,sms,REFIN_12,1
h-04072,30204,2025-09-04,sms_cashback,sms,CASHBACK_5,0
h-04073,30205,2025-01-16,push_credit,push,CC_LIMIT,0
h-04074,30205,2025-01-24,push_credit,push,CC_LIMIT,0
h-04075,30205,2025-02-08,sms_cashback,sms,CASHBACK_5,0
h-04076,30205,2025-02-26,push_credit,push,CC_LIMIT,0
h-04077,30205,2025-03-07,push_cashback,push,CASHBACK_5,0
h-04078,30205,2025-03-16,sms_cashback,sms,CASHBACK_5,0
h-04079,30205,2025-03-30,push_service,push,PUSH_ON,1
h-04080,30205,2025-04-18,push_credit,push,CC_LIMIT,0
h-04081,30205,2025-05-03,sms_refinance,sms,REFIN_12,0
h-04082,30205,2025-05-14,sms_cashback,sms,CASHBACK_5,0
h-04083,30205,2025-05-29,sms_cashback,sms,CASHBACK_5,0
h-04084,30205,2025-06-15,call_collect,call,COLLECT_01,0
h-04085,30205,2025-06-29,push_cashback,push,CASHBACK_5,0
h-04086,30205,2025-07-20,email_cashback,email,CASHBACK_5,0
h-04087,30205,2025-08-16,sms_cashback,sms,CASHBACK_5,0
h-04088,30205,2025-08-28,push_service,push,PUSH_ON,0
h-04089,30206,2025-01-17,email_cashback,email,CASHBACK_5,0
h-04090,30206,2025-02-14,call_collect,call,COLLECT_01,0
h-04091,30206,2025-03-09,push_cashback,push,CASHBACK_5,0
h-04092,30206,2025-03-20,call_collect,call,COLLECT_01,0
h-04093,30206,2025-04-11,push_credit,push,CC_LIMIT,0
h-04094,30206,2025-05-01,sms_cashback,sms,CASHBACK_5,0
h-04095,30206,2025-05-22,sms_refinance,sms,REFIN_12,0
h-04096,30206,2025-06-02,push_cashback,push,CASHBACK_5,0
h-04097,30206,2025-06-27,call_collect,call,COLLECT_01,1
h-04098,30206,2025-07-06,sms_cashback,sms,CASHBACK_5,0
h-04099,30206,2025-07-25,email_cashback,email,CASHBACK_5,0
h-04100,30206,2025-08-15,push_cashback,push,CASHBACK_5,0
h-04101,30207,2025-01-18,email_cashback,email,CASHBACK_5,0
h-04102,30207,2025-02-04,sms_cashback,sms,CASHBACK_5,0
h-04103,30207,2025-02-28,push_cashback,push,CASHBACK_5,1
h-04104,30207,2025-03-19,call_collect,call,COLLECT_01,0
h-04105,30207,2025-03-31,push_cashback,push,CASHBACK_5,0
h-04106,30207,2025-04-19,call_collect,call,COLLECT_01,1
h-04107,30207,2025-05-11,sms_cashback,sms,CASHBACK_5,0
h-04108,30207,2025-06-03,email_cashback,email,CASHBACK_5,0
h-04109,30207,2025-06-16,email_cashback,email,CASHBACK_5,0
h-04110,30207,2025-07-12,sms_cashback,sms,CASHBACK_5,0
h-04111,30207,2025-07-22,sms_refinance,sms,REFIN_12,0
h-04112,30207,2025-08-02,push_service,push,PUSH_ON,0
h-04113,30207,2025-08-15,push_cashback,push,CASHBACK_5,1
h-04114,30207,2025-08-24,push_credit,push,CC_LIMIT,0
h-04115,30207,2025-09-08,call_collect,call,COLLECT_01,0
h-04116,30207,2025-09-30,email_cashback,email,CASHBACK_5,0
h-04117,30207,2025-10-11,push_service,push,PUSH_ON,0
h-04118,30207,2025-10-22,call_collect,call,COLLECT_01,0
h-04119,30207,2025-11-04,email_cashback,email,CASHBACK_5,0
h-04120,30207,2025-11-25,sms_cashback,sms,CASHBACK_5,0
h-04121,30207,2025-12-22,sms_refinance,sms,REFIN_12,0
h-04122,30207,2026-01-11,sms_cashback,sms,CASHBACK_5,0
h-04123,30207,2026-02-06,push_credit,push,CC_LIMIT,0
h-04124,30207,2026-02-15,push_cashback,push,CASHBACK_5,1
h-04125,30207,2026-02-24,call_collect,call,COLLECT_01,1
h-04126,30207,2026-03-18,push_credit,push,CC_LIMIT,0
h-04127,30207,2026-04-02,push_cashback,push,CASHBACK_5,0
h-04128,30208,2025-01-26,call_collect,call,COLLECT_01,0
h-04129,30208,2025-02-18,push_service,push,PUSH_ON,0
h-04130,30208,2025-03-12,push_service,push,PUSH_ON,0
h-04131,30208,2025-03-28,sms_cashback,sms,CASHBACK_5,0
h-04132,30208,2025-04-17,sms_cashback,sms,CASHBACK_5,0
h-04133,30208,2025-04-25,push_cashback,push,CASHBACK_5,0
h-04134,30208,2025-05-09,call_collect,call,COLLECT_01,0
h-04135,30208,2025-06-04,sms_cashback,sms,CASHBACK_5,0
h-04136,30208,2025-06-12,push_service,push,PUSH_ON,0
h-04137,30208,2025-07-03,sms_refinance,sms,REFIN_12,1
h-04138,30208,2025-07-20,sms_refinance,sms,REFIN_12,0
h-04139,30208,2025-08-07,push_service,push,PUSH_ON,1
h-04140,30209,2025-01-21,sms_refinance,sms,REFIN_12,0
h-04141,30209,2025-02-01,call_collect,call,COLLECT_01,0
h-04142,30209,2025-02-14,push_credit,push,CC_LIMIT,0
h-04143,30209,2025-03-10,push_cashback,push,CASHBACK_5,1
h-04144,30209,2025-04-03,sms_cashback,sms,CASHBACK_5,0
h-04145,30209,2025-04-21,sms_refinance,sms,REFIN_12,0
h-04146,30209,2025-05-11,sms_refinance,sms,REFIN_12,0
h-04147,30209,2025-06-01,email_cashback,email,CASHBACK_5,0
h-04148,30209,2025-06-19,push_cashback,push,CASHBACK_5,0
h-04149,30209,2025-07-03,push_cashback,push,CASHBACK_5,0
h-04150,30209,2025-07-16,push_credit,push,CC_LIMIT,0
h-04151,30209,2025-08-01,push_service,push,PUSH_ON,1
h-04152,30209,2025-08-28,push_cashback,push,CASHBACK_5,0
h-04153,30209,2025-09-24,push_service,push,PUSH_ON,0
h-04154,30209,2025-10-09,push_service,push,PUSH_ON,1
h-04155,30209,2025-11-04,call_collect,call,COLLECT_01,0
h-04156,30209,2025-11-19,sms_cashback,sms,CASHBACK_5,0
h-04157,30210,2025-01-20,push_cashback,push,CASHBACK_5,0
h-04158,30210,2025-02-09,sms_refinance,sms,REFIN_12,0
h-04159,30210,2025-02-20,sms_refinance,sms,REFIN_12,0
h-04160,30210,2025-03-05,push_cashback,push,CASHBACK_5,0
h-04161,30210,2025-03-23,push_credit,push,CC_LIMIT,0
h-04162,30210,2025-04-07,push_credit,push,CC_LIMIT,1
h-04163,30210,2025-05-03,sms_cashback,sms,CASHBACK_5,0
h-04164,30210,2025-05-13,sms_refinance,sms,REFIN_12,0
h-04165,30210,2025-06-02,email_cashback,email,CASHBACK_5,0
h-04166,30210,2025-06-29,push_service,push,PUSH_ON,0
h-04167,30210,2025-07-12,push_service,push,PUSH_ON,1
h-04168,30210,2025-08-04,email_cashback,email,CASHBACK_5,0
h-04169,30210,2025-08-30,push_service,push,PUSH_ON,1
h-04170,30210,2025-09-21,email_cashback,email,CASHBACK_5,0
h-04171,30210,2025-10-05,call_collect,call,COLLECT_01,0
h-04172,30210,2025-10-13,push_cashback,push,CASHBACK_5,0
h-04173,30210,2025-10-31,email_cashback,email,CASHBACK_5,0
h-04174,30210,2025-11-19,call_collect,call,COLLECT_01,1
h-04175,30210,2025-12-15,push_service,push,PUSH_ON,1
h-04176,30210,2025-12-24,sms_refinance,sms,REFIN_12,0
h-04177,30211,2025-01-26,sms_cashback,sms,CASHBACK_5,0
h-04178,30211,2025-02-17,sms_cashback,sms,CASHBACK_5,0
h-04179,30211,2025-03-13,sms_cashback,sms,CASHBACK_5,0
h-04180,30211,2025-04-10,sms_cashback,sms,CASHBACK_5,0
h-04181,30211,2025-04-26,push_service,push,PUSH_ON,0
h-04182,30211,2025-05-24,sms_cashback,sms,CASHBACK_5,0
h-04183,30211,2025-06-10,call_collect,call,COLLECT_01,0
h-04184,30211,2025-07-06,email_cashback,email,CASHBACK_5,0
h-04185,30211,2025-07-19,email_cashback,email,CASHBACK_5,1
h-04186,30211,2025-07-30,push_service,push,PUSH_ON,0
h-04187,30211,2025-08-15,push_cashback,push,CASHBACK_5,0
h-04188,30211,2025-09-08,sms_cashback,sms,CASHBACK_5,0
h-04189,30211,2025-10-06,sms_cashback,sms,CASHBACK_5,0
h-04190,30211,2025-10-27,push_service,push,PUSH_ON,0
h-04191,30211,2025-11-23,push_service,push,PUSH_ON,0
h-04192,30211,2025-12-14,push_credit,push,CC_LIMIT,0
h-04193,30211,2026-01-10,push_service,push,PUSH_ON,0
h-04194,30211,2026-01-30,email_cashback,email,CASHBACK_5,0
h-04195,30211,2026-02-21,call_collect,call,COLLECT_01,0
h-04196,30211,2026-03-14,email_cashback,email,CASHBACK_5,0
h-04197,30211,2026-03-25,push_service,push,PUSH_ON,0
h-04198,30211,2026-04-20,sms_cashback,sms,CASHBACK_5,1
h-04199,30212,2025-01-18,push_cashback,push,CASHBACK_5,0
h-04200,30212,2025-02-03,call_collect,call,COLLECT_01,0
h-04201,30212,2025-02-14,push_credit,push,CC_LIMIT,0
h-04202,30212,2025-02-28,sms_cashback,sms,CASHBACK_5,0
h-04203,30212,2025-03-12,sms_cashback,sms,CASHBACK_5,0
h-04204,30212,2025-04-07,push_service,push,PUSH_ON,1
h-04205,30212,2025-04-18,call_collect,call,COLLECT_01,0
h-04206,30212,2025-05-04,call_collect,call,COLLECT_01,0
h-04207,30212,2025-05-31,email_cashback,email,CASHBACK_5,0
h-04208,30212,2025-06-14,push_credit,push,CC_LIMIT,0
h-04209,30212,2025-07-02,email_cashback,email,CASHBACK_5,0
h-04210,30212,2025-07-26,call_collect,call,COLLECT_01,0
h-04211,30212,2025-08-04,sms_cashback,sms,CASHBACK_5,0
h-04212,30212,2025-08-15,push_credit,push,CC_LIMIT,0
h-04213,30212,2025-08-26,sms_cashback,sms,CASHBACK_5,0
h-04214,30212,2025-09-22,sms_cashback,sms,CASHBACK_5,0
h-04215,30212,2025-10-13,push_cashback,push,CASHBACK_5,1
h-04216,30212,2025-10-22,sms_cashback,sms,CASHBACK_5,0
h-04217,30212,2025-11-09,push_service,push,PUSH_ON,0
h-04218,30213,2025-01-25,push_service,push,PUSH_ON,0
h-04219,30213,2025-02-18,sms_refinance,sms,REFIN_12,0
h-04220,30213,2025-03-17,sms_cashback,sms,CASHBACK_5,0
h-04221,30213,2025-03-28,call_collect,call,COLLECT_01,0
h-04222,30213,2025-04-09,sms_cashback,sms,CASHBACK_5,0
h-04223,30213,2025-05-03,sms_refinance,sms,REFIN_12,0
h-04224,30213,2025-05-25,push_service,push,PUSH_ON,0
h-04225,30213,2025-06-16,sms_cashback,sms,CASHBACK_5,0
h-04226,30213,2025-07-09,push_credit,push,CC_LIMIT,0
h-04227,30213,2025-07-27,sms_cashback,sms,CASHBACK_5,0
h-04228,30213,2025-08-09,sms_cashback,sms,CASHBACK_5,0
h-04229,30213,2025-08-19,sms_refinance,sms,REFIN_12,0
h-04230,30213,2025-09-04,call_collect,call,COLLECT_01,0
h-04231,30213,2025-09-16,push_service,push,PUSH_ON,1
h-04232,30213,2025-10-09,sms_cashback,sms,CASHBACK_5,0
h-04233,30213,2025-10-21,sms_refinance,sms,REFIN_12,0
h-04234,30213,2025-11-02,push_cashback,push,CASHBACK_5,1
h-04235,30213,2025-11-24,sms_cashback,sms,CASHBACK_5,0
h-04236,30213,2025-12-22,sms_cashback,sms,CASHBACK_5,0
h-04237,30213,2026-01-01,email_cashback,email,CASHBACK_5,0
h-04238,30213,2026-01-20,push_service,push,PUSH_ON,0
h-04239,30213,2026-02-01,email_cashback,email,CASHBACK_5,0
h-04240,30213,2026-02-25,push_service,push,PUSH_ON,0
h-04241,30214,2025-01-30,call_collect,call,COLLECT_01,0
h-04242,30214,2025-02-09,push_cashback,push,CASHBACK_5,0
h-04243,30214,2025-03-01,push_service,push,PUSH_ON,0
h-04244,30214,2025-03-09,push_cashback,push,CASHBACK_5,0
h-04245,30214,2025-04-03,email_cashback,email,CASHBACK_5,0
h-04246,30214,2025-04-23,sms_refinance,sms,REFIN_12,0
h-04247,30214,2025-05-02,push_cashback,push,CASHBACK_5,0
h-04248,30214,2025-05-13,push_service,push,PUSH_ON,1
h-04249,30214,2025-06-10,call_collect,call,COLLECT_01,0
h-04250,30214,2025-06-22,push_credit,push,CC_LIMIT,0
h-04251,30214,2025-07-05,sms_refinance,sms,REFIN_12,1
h-04252,30214,2025-08-02,call_collect,call,COLLECT_01,0
h-04253,30214,2025-08-22,sms_cashback,sms,CASHBACK_5,0
h-04254,30214,2025-09-10,push_service,push,PUSH_ON,1
h-04255,30214,2025-10-07,push_cashback,push,CASHBACK_5,0
h-04256,30214,2025-11-04,push_cashback,push,CASHBACK_5,0
h-04257,30214,2025-11-28,push_cashback,push,CASHBACK_5,0
h-04258,30214,2025-12-10,email_cashback,email,CASHBACK_5,0
h-04259,30214,2025-12-28,push_service,push,PUSH_ON,1
h-04260,30215,2025-01-16,sms_refinance,sms,REFIN_12,1
h-04261,30215,2025-02-08,sms_refinance,sms,REFIN_12,0
h-04262,30215,2025-02-25,push_service,push,PUSH_ON,0
h-04263,30215,2025-03-05,push_credit,push,CC_LIMIT,0
h-04264,30215,2025-04-01,push_service,push,PUSH_ON,0
h-04265,30215,2025-04-21,call_collect,call,COLLECT_01,0
h-04266,30215,2025-05-17,call_collect,call,COLLECT_01,0
h-04267,30215,2025-06-10,sms_refinance,sms,REFIN_12,0
h-04268,30215,2025-06-28,sms_cashback,sms,CASHBACK_5,0
h-04269,30215,2025-07-24,call_collect,call,COLLECT_01,0
h-04270,30215,2025-08-09,email_cashback,email,CASHBACK_5,0
h-04271,30215,2025-08-26,email_cashback,email,CASHBACK_5,1
h-04272,30215,2025-09-16,push_cashback,push,CASHBACK_5,0
h-04273,30215,2025-10-14,call_collect,call,COLLECT_01,0
h-04274,30215,2025-10-27,push_cashback,push,CASHBACK_5,0
h-04275,30215,2025-11-16,sms_refinance,sms,REFIN_12,1
h-04276,30216,2025-01-14,push_service,push,PUSH_ON,1
h-04277,30216,2025-01-27,email_cashback,email,CASHBACK_5,0
h-04278,30216,2025-02-04,sms_cashback,sms,CASHBACK_5,0
h-04279,30216,2025-02-16,sms_cashback,sms,CASHBACK_5,0
h-04280,30216,2025-02-28,push_cashback,push,CASHBACK_5,0
h-04281,30216,2025-03-13,call_collect,call,COLLECT_01,0
h-04282,30216,2025-03-26,sms_refinance,sms,REFIN_12,0
h-04283,30216,2025-04-03,sms_refinance,sms,REFIN_12,0
h-04284,30216,2025-04-30,push_cashback,push,CASHBACK_5,0
h-04285,30216,2025-05-14,push_service,push,PUSH_ON,0
h-04286,30216,2025-06-07,sms_cashback,sms,CASHBACK_5,0
h-04287,30216,2025-06-15,sms_cashback,sms,CASHBACK_5,0
h-04288,30216,2025-07-11,sms_cashback,sms,CASHBACK_5,0
h-04289,30216,2025-07-28,email_cashback,email,CASHBACK_5,0
h-04290,30216,2025-08-25,email_cashback,email,CASHBACK_5,0
h-04291,30216,2025-09-22,push_service,push,PUSH_ON,1
h-04292,30216,2025-10-20,push_credit,push,CC_LIMIT,0
h-04293,30216,2025-10-31,sms_refinance,sms,REFIN_12,0
h-04294,30216,2025-11-09,email_cashback,email,CASHBACK_5,0
h-04295,30216,2025-12-05,push_cashback,push,CASHBACK_5,1
h-04296,30217,2025-01-18,push_credit,push,CC_LIMIT,0
h-04297,30217,2025-01-27,sms_refinance,sms,REFIN_12,0
h-04298,30217,2025-02-06,push_service,push,PUSH_ON,0
h-04299,30217,2025-02-20,sms_refinance,sms,REFIN_12,0
h-04300,30217,2025-02-28,sms_cashback,sms,CASHBACK_5,0
h-04301,30217,2025-03-26,push_cashback,push,CASHBACK_5,1
h-04302,30217,2025-04-12,email_cashback,email,CASHBACK_5,0
h-04303,30217,2025-04-30,push_cashback,push,CASHBACK_5,0
h-04304,30217,2025-05-21,push_cashback,push,CASHBACK_5,1
h-04305,30217,2025-06-05,sms_cashback,sms,CASHBACK_5,0
h-04306,30217,2025-07-01,push_cashback,push,CASHBACK_5,0
h-04307,30217,2025-07-17,sms_refinance,sms,REFIN_12,0
h-04308,30217,2025-08-10,push_credit,push,CC_LIMIT,0
h-04309,30217,2025-08-27,push_cashback,push,CASHBACK_5,0
h-04310,30217,2025-09-23,email_cashback,email,CASHBACK_5,0
h-04311,30217,2025-10-11,sms_cashback,sms,CASHBACK_5,1
h-04312,30217,2025-11-07,push_service,push,PUSH_ON,1
h-04313,30217,2025-12-04,email_cashback,email,CASHBACK_5,0
h-04314,30217,2025-12-15,push_credit,push,CC_LIMIT,0
h-04315,30217,2025-12-29,sms_cashback,sms,CASHBACK_5,0
h-04316,30218,2025-02-02,email_cashback,email,CASHBACK_5,0
h-04317,30218,2025-02-18,push_service,push,PUSH_ON,0
h-04318,30218,2025-03-04,push_cashback,push,CASHBACK_5,0
h-04319,30218,2025-03-22,sms_cashback,sms,CASHBACK_5,0
h-04320,30218,2025-04-04,sms_cashback,sms,CASHBACK_5,1
h-04321,30218,2025-04-29,email_cashback,email,CASHBACK_5,0
h-04322,30218,2025-05-20,push_cashback,push,CASHBACK_5,0
h-04323,30218,2025-05-30,sms_cashback,sms,CASHBACK_5,0
h-04324,30218,2025-06-07,sms_cashback,sms,CASHBACK_5,0
h-04325,30218,2025-07-02,sms_refinance,sms,REFIN_12,0
h-04326,30218,2025-07-12,sms_cashback,sms,CASHBACK_5,0
h-04327,30218,2025-07-31,push_cashback,push,CASHBACK_5,0
h-04328,30218,2025-08-12,push_cashback,push,CASHBACK_5,0
h-04329,30218,2025-08-26,push_cashback,push,CASHBACK_5,1
h-04330,30218,2025-09-21,sms_refinance,sms,REFIN_12,0
h-04331,30218,2025-10-18,push_cashback,push,CASHBACK_5,0
h-04332,30218,2025-11-12,push_service,push,PUSH_ON,0
h-04333,30218,2025-11-27,sms_refinance,sms,REFIN_12,0
h-04334,30218,2025-12-07,push_credit,push,CC_LIMIT,0
h-04335,30218,2025-12-20,push_cashback,push,CASHBACK_5,0
h-04336,30219,2025-01-20,email_cashback,email,CASHBACK_5,0
h-04337,30219,2025-02-07,call_collect,call,COLLECT_01,0
h-04338,30219,2025-03-04,push_service,push,PUSH_ON,0
h-04339,30219,2025-03-19,push_cashback,push,CASHBACK_5,1
h-04340,30219,2025-04-06,push_credit,push,CC_LIMIT,1
h-04341,30219,2025-04-20,push_service,push,PUSH_ON,1
h-04342,30219,2025-04-30,push_cashback,push,CASHBACK_5,1
h-04343,30219,2025-05-13,push_service,push,PUSH_ON,0
h-04344,30219,2025-06-04,email_cashback,email,CASHBACK_5,0
h-04345,30219,2025-06-17,push_cashback,push,CASHBACK_5,1
h-04346,30219,2025-07-04,call_collect,call,COLLECT_01,1
h-04347,30219,2025-07-29,call_collect,call,COLLECT_01,0
h-04348,30219,2025-08-13,push_cashback,push,CASHBACK_5,0
h-04349,30219,2025-09-05,sms_cashback,sms,CASHBACK_5,0
h-04350,30219,2025-09-15,call_collect,call,COLLECT_01,0
h-04351,30219,2025-10-13,sms_cashback,sms,CASHBACK_5,1
h-04352,30219,2025-10-21,call_collect,call,COLLECT_01,0
h-04353,30219,2025-11-02,sms_cashback,sms,CASHBACK_5,0
h-04354,30219,2025-11-11,push_service,push,PUSH_ON,0
h-04355,30219,2025-11-20,push_cashback,push,CASHBACK_5,1
h-04356,30219,2025-12-04,sms_cashback,sms,CASHBACK_5,0
h-04357,30220,2025-02-01,email_cashback,email,CASHBACK_5,0
h-04358,30220,2025-02-27,push_cashback,push,CASHBACK_5,1
h-04359,30220,2025-03-09,sms_refinance,sms,REFIN_12,0
h-04360,30220,2025-04-05,call_collect,call,COLLECT_01,0
h-04361,30220,2025-04-21,sms_cashback,sms,CASHBACK_5,0
h-04362,30220,2025-05-07,push_cashback,push,CASHBACK_5,1
h-04363,30220,2025-06-02,push_credit,push,CC_LIMIT,0
h-04364,30220,2025-06-12,push_cashback,push,CASHBACK_5,0
h-04365,30220,2025-06-27,sms_refinance,sms,REFIN_12,0
h-04366,30220,2025-07-11,push_credit,push,CC_LIMIT,0
h-04367,30220,2025-08-06,push_cashback,push,CASHBACK_5,0
h-04368,30220,2025-09-01,call_collect,call,COLLECT_01,0
h-04369,30220,2025-09-17,push_cashback,push,CASHBACK_5,0
h-04370,30220,2025-10-04,sms_refinance,sms,REFIN_12,0
h-04371,30220,2025-10-12,push_cashback,push,CASHBACK_5,0
h-04372,30001,2026-09-05,push_cashback,push,CASHBACK_5,0
h-04373,30001,2026-09-01,sms_refinance,sms,REFIN_12,1
h-04374,30002,2026-09-05,push_cashback,push,CASHBACK_5,0
h-04375,30002,2026-09-01,sms_refinance,sms,REFIN_12,1
h-04376,30003,2026-09-05,push_cashback,push,CASHBACK_5,0
h-04377,30003,2026-09-01,sms_refinance,sms,REFIN_12,1
h-04378,30004,2026-09-05,push_cashback,push,CASHBACK_5,0
h-04379,30004,2026-09-01,sms_refinance,sms,REFIN_12,1
h-04380,30005,2026-09-05,push_cashback,push,CASHBACK_5,0
h-04381,30005,2026-09-01,sms_refinance,sms,REFIN_12,1
h-04382,30006,2026-09-05,push_cashback,push,CASHBACK_5,0
h-04383,30006,2026-09-01,sms_refinance,sms,REFIN_12,1
h-04384,30007,2026-09-05,push_cashback,push,CASHBACK_5,0
h-04385,30007,2026-09-01,sms_refinance,sms,REFIN_12,1
h-04386,30008,2026-09-05,push_cashback,push,CASHBACK_5,0
h-04387,30008,2026-09-01,sms_refinance,sms,REFIN_12,1
h-04388,30009,2026-09-05,push_cashback,push,CASHBACK_5,0
h-04389,30009,2026-09-01,sms_refinance,sms,REFIN_12,1
h-04390,30010,2026-09-05,push_cashback,push,CASHBACK_5,0
h-04391,30010,2026-09-01,sms_refinance,sms,REFIN_12,1
h-04392,30011,2026-09-05,push_cashback,push,CASHBACK_5,0
h-04393,30011,2026-09-01,sms_refinance,sms,REFIN_12,1
h-04394,30012,2026-09-05,push_cashback,push,CASHBACK_5,0
h-04395,30012,2026-09-01,sms_refinance,sms,REFIN_12,1
